product_id,product_type,date,help_num,cleaned_Kiwi_review
5067835,찹쌀 순대국,2021-10-22,560,"제갚뇌 출혈이 와서 편 마비로 인해 오타가 있을 수도 있습니다 갑자기 날이 추워지다 보니 재활 병원 생활 중 병원 음식에 질려 갈 때 쯤 경기도에서 지낼 때 매장에서 맛있게 먹었던 생각이나 주문하게 되었네요 마침 주문 후 다음날 아침 식단에 부추 무침이 나와서 남겨 두었다가 순대국에 넣어 먹으면 더 맛있을 것 같아 순대국 배송이 오늘 꼭 와야할텐데 재활 받으며 계속 배 공 조회를 하며 기다렸네요 역시 걱정은 할 필요가 없었네여 전날 저녁에 주문하였지만 어제 낮 2시경에 도착했다 고 문자가 와 있었네여 코로나 시국이다 보니 간호사가 직접 받아 병실로 올려 주었고 받아 보니 포장 상태도 되게 좋았고 냉동 상태도 전혀 녹지도 않고 배송이 왔네요
저녁만 기다리며 재활 치료를 다 받고 병실에 왔을 때 어머니가 순대국을 데워 두셨고 그 사이 전자랜지에 데우면서 다른 간병인 분이 오시길래 엄마가 나눠 주셨는데 안 그래도 저는 아침네 남겨 두었던 부추 무침을 넣어 맜 있 개 먹고 있는데 나눠 주었던 간병인 이오시더니이거어기서시켰냐며 4 팩을 대신 구매해 달라고 하였습니다 역시나 국물 맛도 진하였고 고기 양도 많았고 국물 양도 많고 특히 순대가 일반적인 순대가 아니다 보니 병원에서 정말 맜 있게 간편하게 외식 아닌 외식한 듯한 기분으로 따뜻 헤게 밥 한 공기 뚝딱 말아 멋었네요 정말 맛있었고 저 역시도 조만간에 추가 구매 예정입니다"
1000085968,등뼈 우거지 감자탕 900gX2개입,2022-12-13,350,"세일해서 처음 구매해 봤습니다

1인분짜리 팩이 두 개 들어 있어서 1 인 가구로서 그 부분이 일단 마음에 들었어요
한 팩의 양도 꽤나 푸짐해서 넉넉한 1 인분이구요 국물이 맵진 않지만 고기 육수가 찐 한 스타일이에요
그래서 취향에 맞게 고춧가루나 다진 마늘 넣고 물 좀 더 넣고 끓여 먹으니 정말 맛있습니다
우거지도 아주 부드러워서 고기에 곁들여 먹으면 궁합이 참 좋아요
한 팩에 뼈 두 개 들어 있는데 살도 꽤 실해서 맛있고 든든한 한 끼로 그만입니다
두 번째 먹을 때는 불린 당면도 넣어 줬더니 잘 어울리네요 

아 근데 워낙 부피가 커서 먹기 하루 전에 냉장고에 넣어 놔도 잘 안 녹아서 오래 끓여야하니 미리미리 꺼내 놓기

재구매 의사 100프로에요"
1000085968,등뼈 우거지 감자탕 900gX2개입,2022-11-29,280,"뼈 해장국에 밥 말아 먹는 걸 너무 좋아하는데 신제품이 나왔길래 바로 주문했어요

통뼈 감자탕은 부산 쪽에서 유명해서 믿고 주문해 봤는데 성공이네요 매장에서 먹던 맛이랑 비슷했어요

한 팩에 큰 뼈 두 개랑 우거지 육수가 가득 들어 있는데 두 명이서 먹기 적당했어요 많이 먹는 분들은 한 팩 드실 수 있을 거 같긴해요

꽁꽁 얼린 채로 도착했고 해동 없이 끓이라 되어 있어서 냄비에 바로 넣고 15분 끓였어요
간이 좀 센 거 같아서 물 반 컵 추가하고 대파 마늘 고추 넣었더니 밥 한 그릇 뚝딱이네요 소주가 절로 생각나는 맛이에요

두 팩이면 네 식구 먹을 수 있을 거 같은 양이었고 감자나 사리 넣으면 감자탕 집 비쥬얼 나와서 가성비 대만족이에요 개인적으로 들깨 가루 뿌렸더니 국물이 진짜 넘 진하고 맛있어요
그리고 마지막에 김치 좀 썰어 넣고 육수 좀 넣고 볶음밥 꼭해 드세요 이게 진짜 찐이에요 아무리 배불러도 싹싹 긁어 먹게 되는 맛 다들 아시죠

요즘 컬리에 냉동식품 신제품들 성공적이라 행복한 저녁이에요"
1000040783,강릉식 짬뽕순두부 찌개,2022-04-25,210,"순두부에 짬뽕 분위기를 더한 찌개라니요 
혁명 아닙니까

시원한 짬뽕 국물과 고소하고 몽글몽글한 순두부가 만나서 환상적이고 너무 맛있었어요

조리법

1 준비된 재료를 세척 및 손질한다

2 팬에 식용유 2 스푼 두르고 파와 양파를 볶아 준다

3 어느 정도 볶아지면 양념장을 넣고 볶다가 해산물을 넣고 2분 간 더 볶아 준다

4 모든 재료가 기름에 잘 스며 들었으면 순두부 윗 부분을 잘라 모두 넣어 준다
순두부와 순두부 물이 함께 나와서 물을 따로 넣지 않아도 국물이 자작하게 만들어져 요

5 끓을 때까지 푹 끓여 주다가 취향에 맞게 팽이버섯이나 노른자를 추가해 주면 끝

순 두부 찌개에 노른자 필수죠 넣으닌 까 더 고소하고 풍미가 넘쳐 나요

정말 짬뽕의 맛을 더 느끼고 싶다 하시는 분은 짬뽕 면 넣어서 드셔도 정말 맛있을 것 같습니다

간이 생각보다 쎄서 따로 간을 하지 않아도 밥에 비며 먹으면 딱 맛있는 정도 한 끼 든든히 먹을 수 있었던 순두부찌개 키트 였습니다 "
5132868,부산깡통시장 유부주머니,2022-11-24,210,"겨울이면 한 번씩 유부 주머니가 먹고 싶어질 때가 있더라구요 마켓컬리 추천 제품 영상에 이 제품이 항상 있길래 저도 구매해 봤습니다 
냉동 제품이라 끓였을 때 터지지 않게하려면 끓이기 34 시간 전에 상온에서 해동하는 걸 권장해요 제 품 안에 국물 소스 두 개가 들어 있는 것 봐서 오뎅 탕에 넣어 먹어나 1인분씩 먹으려면 나눠 먹기 좋겠더라구요 저는 오뎅이나 다른 재료 없이 유부 주머니로만 샤브샤브처럼 먹으려고 소스 두 개를 모두 넣었어요 유부 주머니는 8개 정도 들어 있었던 것 같습니다 제가 따로 준비한 재료는 알 배추 팽이버섯 쑥갓인데 특히 알 배추 추천 드려요 육수에 단 맛이 나와서 유부 주머니랑 무척 잘 어울려요 유부 주머니만 먹고 식사가 될까 했는데 다 먹고 우동 사리를 추가로 먹고 계란 넣어서 죽까지 해 먹으니까 엄청 배부르더라구요 이렇게 먹으니까 23인분은 거뜬합니다 한 끼 식사 준비로 추천 드려요"
5056783,찹쌀 진순대국,2022-09-18,180,"추석 지나고 나니 유독 매운 음식이 땡겨서 시켜 봤어요
후기에 머릿고기 적다는 후기도 있었는데
너무 많아서 당황했어요 순대는 3개 정도 있었고
머리 고기는 정말 많았어요

싱겁다는 이야기가 있어 저는 참치 액젓 반 스푼 넣었고 딱 좋았어요 밥 말아먹으니 해장 꿀 템 
술 마신 다음날 해장한다고 배민 켜서 해장국 시켜 먹으면 배달 팁까지 15000원 이상 썼는데 이건 6 천 원의 행복 입니다

머릿고기가 많아서 다소 기름지지만 전 기름진 거 좋아해서 좋았어요 싫으신 분들은 팔팔 끓이신 다음 기름 덜어 내면 될 거 같아요

저는 장바구니에 여러 개 담아 놓고 냉동실에 쟁여 둘랍니다 함께 해요 순대국 나의 해장 템"
5051186,갈비탕,2022-04-26,170,"강남 면 옥 갈비탕 추천합니다
컬리에서 파는 갈비탕은 왜 이렇게 다 괜찮죠
너무 든든하네요

1 배송 보관
보냉팩 밖에 따로 두지 않았는데 박스에서도 냉동 상태로 배송이 잘 왔어요 받자마자 냉동실 보관했습니당
전 저녁으로 먹으려고 먹기 전날 밤에 냉장 실로 옮겼어 용 아침 출근할 때 넣어 둬도 될 것 같아용

2 조리 방법
냉장 실에서 꺼내자마자 인덕션 89 센 불로 냄비에 넣었더니 금새 녹았습니다 거의 10분 안된 것 같았어요
개인적으로 파를 남편 저 둘 다 엄청 먹는 편이라
대파 집에 있는 거 엄청 넣었어요
저는 물 살짝 더 넣고 다진 마늘도 조금 추가해서 넣었어요
끓을 때 간 보면서 조절하세용

3 구성
갈빗대 한 78개가 들어 있는 데 긴 갈빗대가 아니고 짤뚱짤 뚱 갈빗대가 한 8개 정도 있는 데 가격 대비 성인 2인분 갈비탕인데 고기 양이 괜찮았어요
사진에 다 먹고 난 뼈 모아 둔 건데 저기에서 한 개인가 두 개 더 나왔었어요 먹다가 찍은 거라서
그리고 대추 1 알이랑 팽이버섯이 같이 들어가 있었어요
계란 지단은 제가 따로 한 거에요
양이 혼자 먹기엔 많고 성인 2 인 기준 또는 성인 1에 애기들 2명 정도일 것 같아요

4 맛
국물은 기본적으로 깔끔하고 담백한 고깃국 물맛입니다
무난하게 갈비탕 좋아하는 분들이면 실패 없을 거에요
고기 누린내 같은 건 없었어요 깔끔한 서울 식 갈비탕 맛입니다 조금 간을 센 걸 좋아하는 분들은
소금 후추 마늘 등 더 추가하면 될 것 같아요

5 총평
컬리에서 파는 갈비탕들은 정말 사랑이네요
냉동실에 일단 12개 있으면 마음이 든든하고
퇴근하고 저녁 한 끼 해 먹을 때 너무 너무 편리하면서
맛 보장이 되니까 좋습니다
종종 세일하면 하나씩은 꼭 살 것 같아요

다들 건강하고 맛있는 한 끼 챙겨 드세요"
5042765,차돌 된장찌개,2022-06-21,160,"효율적인 걸 좋아해서 찌개는 집에서 잘 안 끓이고 이런 밀키트나 레토르트를 먹는데요 여러 브랜드 할인할 때 하나씩 주문해 보곤해요 
그런데 그런 제품들은 대부분 집에서 끓인 느낌 느끼기가 어렵더라고요 그런데 외할머니 댁 된장찌개는 내용물도 실하고 무엇보다 국물이 정말 진하고 맛있어서 먹는 내내 오 감탄하며 먹었네요 
외할머니 댁 브랜드는 대부분 집밥 느낌 나고 항상 만족하는 거 같아요
굳이 내용물 추가 안 해도 괜찮고 보통 양 먹는 남자와 여자 신혼 부부가 두 끼 정도 나눠 먹을 정도로 풍부해요 34 인 가족 한 끼로도 충분한 양이에요 
고기 먹을 때 곁들이면 아주 좋을 것 같아요 한 끼 먹고 남은 건 다음날 웍에 자작하게 된장 밥해서 먹었는데 별미였어요 

찌개 중에 된장찌개 제일 좋아하고 엄마 된장찌개 외에는 만족하기가 힘든데 엄마가 해 준 것만큼은 아니어도 정말 외할머니 댁에 가서 먹는 거 같이 집밥 느낌에 가장 가깝다고 느낀 진하고 맛있는 된장찌개입니다 재구매 의사 많아요"
1000198908,우거지 감자탕,2023-07-14,140,"후기 잘 안 쓰는 사람인데요
이건 다들 한 번쯤 드셔 보시면 좋을 것 같아 솔직한 후기 남겨 볼게요

컬리에서 안원 당 외할머니 댁 감자탕을 주로 구매했었는데요
맛이 조금 자극적이 여서 자주 애용하지는 않았어요

그래서 이바돔 감자탕도 정말 큰 기대 없이 주문했는데
이거 왠 일 살 밥 많은 고기에 우거지도 많아서 너무 좋았어요

맛을 평가하자면 자극적이지 않아서 좋았어요
이바돔 감자탕 맛이  기억이 나지 않아 블로그 찾아 보니 원래 자극적이지 않다고 하네요
그 감자탕 본연의 맛 아무튼 드셔 보세요 이거 맛있네요

양은 1인분으로 먹기에는 조금 많고 15 인분 그래서 2 봉사서 3 인 식구 먹으면 딱 좋을 것 같아요 암튼 대만족 양도 괜찮네요

요즘 비 오고 곧 가을 겨울인데 쟁여 놓고 먹을 것 같아요
저도 후기 믿고 샀다가 실망한 적 많았는데 요 감자탕은 찐이네요

추천해요

 참 감자탕에 감자 안 들어갔다는 분이 계시던데
   감자탕은 감자가 들어가서 감자탕이 아니라 돼지 등뼈 척수가 감자 입니다 
   그래서 감자탕이라고 해요  알아 두심이 "
5050925,한우 사골육수,2021-08-11,130,"넉넉한 양 덕분에 저와 남편은 매콤한
순대 만두전골 해 먹고 아이는 매운 걸 잘 먹지 못해
따로 사골 만두국 끓여 줬어요
너무 간편하고 멸균 팩에 들어 좀 더 믿음직스러워요
순대 만두전골에 들어간 재료들은 모두 컬리에서 주문했고
야채와 순대 만두 넣어서 사골 육수 넣고 끓이니
너무 너무 맛있네요  진짜 컬리 음식들 너무 최고에요
요즘 같은 코로나 시국에 마트가 기도 두려운데
컬리 없었으면 어쩔 뻔 요즘 컬리로 장 보는 재미에 사는 듯 요

인스타에서 유명한 레시피라
해 먹어 봤는데 순대와 만두 사골 맛이 없을 수가 없지요
레시피 공유해 볼께요 모두 해서 꼭 드셔 보세요
소주 각
양념장  고추장 1T  된장 1T  다진 마늘 1T 미원 조금
국간장 1T 고추가루 3T  설탕 조금 후추 조금

아이를 위한 사골 만두국은
사골 부어서 만두 다진 마늘 대파 소금 간 하면
깔끔하고 맛있는 간단 식사 완성입니다
자주 구매해서 쟁여 둘께용"
5053979,사골 도가니탕,2022-10-08,130,"한 팩이 23인분 되는 것 같아요
도가니도 넉넉하게 들어 있고 사진에 보이는 것보다 훨씬 많아요 국물도 뽀얗고 진하네요
간이 안 되어 있다고 적혀 있는데 저는 딱히 더 소금이나 후추 없이 먹어도 담백하고 좋았어요
파 조금 썰어 넣어 먹으니 더 시원하고 보기도 좋았습니다
국그릇 기준 세 그릇이 나와서 둘이 배부르게 먹거나 애기까지 있으면 세 명이서 먹을 것 같아요 
요즘 배달로 도가니탕 시키면 기본이 10000원에 특시키고 배달료까지 붙으면 한 그릇에 20000원 그냥 넘어가는데 이건 만 원대에 집 앞까지 배송해 주는 데다가 고기도 배달보다 많아서 너무 만족했네요 냉동식품이니 집에 계속 쟁여 둘 거 같아요"
5045208,우거지 감자탕,2022-08-18,130,"처음엔 순대가 들어 있단 말에 생소해서 고민하다가 리뷰가 너무 좋아 구매했었는데 먹자마자 바로 재구매 결심하게 되었어요  재구매 후 작성해 봅니다 안원 당 우거지 감자탕 정말 맛있습니다 국물이 깊고 우거지가 크게 크게 들어가 있어서 더 먹음직스럽네요 고기도 부드러우면서 쫄깃하고 순대도 3알 정도 들어가 있는데 순대 속이 꽉 차 있어서 끓이면서 순대 속이 나올 것 같아요 고소하니 순대도 너무 맛있습니다 ㅠ 저희 부부는 한 봉지로 둘이 같이 먹는데 양도 충분하다고 느껴 요 국물 파라서요 ㅋ 밥 말아먹으면 한 끼 뚝딱 다음 컬리 주문 시 무조건 또 재구매입니다 요리하긴 싫은데 제대로 한 끼 먹고 싶을 때 안원 당 감자탕만 한 게 없거등요
첫 번째 사진은 뜯기 전이고요 두 번째 사진은 냉장해 동하여 뜯은 뒤 냄비에 담은 사진이에요 끓기 시작하면 국물이 세 번째 사진처럼 고기 잠길 만큼 올라온답니다
식당에서 먹는 것처럼 라면 사리를 넣어 먹어도 맛있고요
수제비를 뜯어 넣어도 굿 감자도 추천입니다 아주 맛나요"
1000040783,강릉식 짬뽕순두부 찌개,2023-07-24,120,"오늘처럼 비가 오는 날엔 칼칼한 국물 요리가 땡기죠
예전에 강릉에서 먹었던 순두부찌개가 생각이 나서 주문하구 기다린 상품이 다음 날 새벽 배송으로 도착을 하니 강릉을 안 가도 먹고 싶은 음식을 배송 받으니 넘 좋았어요

 잔뜩 기대를 하며 재료들을 다듬고 좋아하는 파를 조금 더 놓구요 자글자글 볶아서 몽글몽글한 순 부두를 조심스럽게 넣구요 저는 얼큰한 걸 좋아해서 땡초도 넣어서 한 번 더 끓여 주니 제 입맛에 딱인 불맛나구 얼큰한 국물이 급 식욕을 자극했답니다 강원도 여행 때 먹었던 음식들도 생각 나게 하는 맛이였어요

에어컨을 틀어 놓구요 맛나게 끓인 순두부찌개랑 뜨거운 밥이랑 함께 먹으면서 여유롭게 식사 시간을 즐겠네요
다음에 또 배송시켜서 강릉의 맛을 즐겨 볼랍니다
잘 먹었습니다"
5133941,삼계탕 900g,2023-03-09,110,"구매 일자 20230302
유통기한 20231229
재구매 의사 100
조선호텔 삼계탕
900g585kcal 탄 18 단 72 지 243 단 0나 1710

제가 삼계탕을 좋아해서 홈 쇼핑에서도 주문하고 시중에 여러 레토르트 제품은 다 먹어 보거든요
먹어 본 레토르트 삼계탕 중에 조선호텔 삼계탕이 최고예요 

저는 중탕하기 귀찮아서 그냥 냄비에 옮겨 담고
팽이버섯과 대파를 추가해서 끓여 먹어요

일단 국물 맛이 깔끔하고 시원해요
닭도 살이 땡글쫀쫀 뭉게짐 없이 형태를 잘 유지하고 바글 ² 끓어서 푹 익었을 때 젓가락으로 배를 쿡 가르면 스르륵 속을 보여 줄 만큼 부드러워요 부들 촉촉한 닭고기를 젓가락으로 쉽게 찢어 맛 소금에 찍먹하면 너무 행복하쥬

국물 간도 적당하고 인공적인 맛 없이 엄마가 집에서 손수 끓여 준 것 같은 느낌이라 좋아요
속에 수삼 찹쌀 녹두 대추 등도 뭉게진 것 없이 알알이 살아 있어 재료에 대한 믿음이 가네요

1 인이 1 끼 먹기에 딱 좋은 양이고 양 많은 남자분들은 밥 추가로 말아 드시면 될 듯요 저는 국물까지 남김없이 호로록 했더니 포만감이 어마 ² 했네요

속이 든든하고 웜 업 되는 느낌이 좋아요
몸보신에는 역시 삼계탕 만한 게 없네요

배달은 너무 비싸고 가성비 좋은 퀄리티 삼계탕을 먹고 싶다면 요 제품 괜찮아요 냉장 유통기한도 생각보다 길어서 여러 개 사서 쟁이기도 부담 없어요
결론은 맛있는 조선호텔 삼계탕 세일하면 무조건 쟁이세요"
5128143,육개장,2024-01-07,110,"750g의 넉넉한 양이라 저희 부부가 먹고도 
한 그릇 정도 남았어요
별도해 동 없이 전자레인지에 돌려 먹어도 되고
냄비에 넣어 5분 정도 끓여도 되서 너무 간편했어요
근데 포장지를 뜯을 때 깔끔하게 뜯어지지 않아서
살짝 짜증이 났네요 
요즘 배달하면 오는 칼이 떠올랐다는 ㅋ

비닐 뜯자마다 육개장 냄새가 폴폴
부드러운 양지랑 고사리가 넉넉하게 들어 있었어요
대파도 꽤 들어 있고요
해장하면 딱 좋겠다 싶은 얼큰한 비쥬얼

재료들이 과하게 크지 않게
먹기 좋은 사이즈로 잘라져 있어서 
입가에 벌겋게 묻어나지 않네 요

국물 맛은 시원하고 얼큰합니다
육개장은 말모죠 뭐
고기 비린내 없구요
심지어 대파도 달달 매콤하니 맛나더라구요
몸이 무거운 겨울철 음식하기 귀찮은데
뜨겁고 진한 국물 엄청 땡기잖아요
혹익 궁중 전통 육개장
정말 딱입니다
마켓컬리 다음 장보기 구매 목록에 추가요"
5056783,찹쌀 진순대국,2021-01-30,100,"이 가격에 이 정도 내용물 푸짐하게 들어 있다니 놀랐어요 1 팩에 순대 4개 들어 있고 머릿고기가 인정사정 없이 막 들어 있어요 머릿고기 좋아하는 남편이 보자마자 엄지 척 날려 줬네요

순대는 찹쌀 순대라서 신 ㅇ주 느낌이라고 생각하시면 될 것 같아요 개인적으로 쫄깃한 식감 때문에 찹쌀 순대를 더 좋아하는데 그 식감도 잘 살아 있어요 냉동했다 먹는데도 쫄깃하네요 0

국물은 사진처럼 다데기 들어 있는 국물이에요 뽀얀 순대국에 다데기 넣었을 때 딱 그 맛이에요  저는 평소에도 다데기 팍팍 넣어 먹어서 맘에 들었어요 만약 다 데기가 싫은 분들은 건져 내어도 될 것 같아요 다데기가 한 곳에 뭉쳐져 있어서 쉽게 건질 수 있거든요

양은 두 명이서 나눠 먹을 때 딱 좋은 양이에요 양이 많아서 국 겸으로 먹을 때는 국그릇으로2 그릇 나오더라구요 사진처럼 2 그릇으로 나눠 먹을 수도 있고 국밥처럼 먹을 때는 1 인 1 봉은 먹어야할 것 같아요 뚝배기에 넣으면 1 그릇 딱 나와요


저만의 맛있게 먹는 팁
부추를 넣고 새우젓을 살짝 넣어 먹으면 진짜 순대 국밥 집에서 바로 시켜 먹는 그 맛이에요  국물이 약간 슴슴한데  조금 더 자극적으로 드시고 싶다면 새우젓을 살짝 넣어 보세요 완전 추천입니다


전 벌써 3번째 재구매에요  여러분도 제발 사세요 "
1000047929,김치 우동 어묵 전골 (리뉴얼),2022-10-23,100,"일요일 아침 일어나서 김치 우동을 먹었습니다
김치 우동 조리법
1 소스와 김치를 물과 함께 끓인다
2 팔팔 끓어 오르면 어묵을 반만 넣고 끓인다
 이때 맛을 보고 신맛이 싫으면 설탕 1 스푼 추가
 김치는 살아 있는 음식이다 보니 조절 필수
4 어묵이 익으면 면을 넣고 1분 정도 끓여 줍니다
5 우동 면과 어묵을 건져 그릇에 담고 국물 절반을 붓는 다

일요일 오후 어묵 김치 국에 밥 말아 먹었습니다
김치 어묵 국밥 조리법
1 남은 김치 국에 어묵 반과 물 100200ml을 추가해 끓인다
2 찬밥을 말아 주니 초등학생 밥 한 그릇 뚝딱 
 밥 말어 먹을 용도에는 어묵을 가위로 작게 잘라 주면 좋고
 취향에 따라 두부 추가해도 좋아요

맵찔이들이라 매운 음식 같이 먹기 힘들었는데
순한 맛이라 좋네요
기름지지 않고 뒷맛이 깔끔한데 설겆이 할 때도 기름기가 없어서 넘 좋았어요"
1000175407,양지 육수 300g 4개입,2023-07-26,100,"가 온 양지 육수

요즘 너무 덥고 습해서 기운 없는  가족들을 위해
여름 보양식 준비 중에 가 온 양지 육수를 구매
미쉐린 3 스타 이기에 맛 보장
역시 기대 이상이었어요

가 온 양지 육수를 완전해 동 후 능이 해산물 고기
넣고 샤부샤부 마지막에 칼국수
이런 보양식 요리는 국물 베이스가 더 중요하잖아요
요즘처럼 더운데 보양식 준비하다가 주부님들
더 피로가 몰려올 수 있습니다 이럴 땐 시간 단축되고
맛도 좋고 몸에도 좋은 육수 한 팩으로 끝

여러 재료와 넣어도 깔끔한 고기 육수 베이스로 딱이에요
역시 대량으로 끓이는 육수 맛은 집에선 낼 수 없는 맛
어떤 요리와도 어울린다고 말할 수 있는 가온 양지 육수네요
제가 요리를 좋아하는 편이라 이것저것 많이 사용해 봤는데
과한 조미료 향이 나지 않아서 너무 좋아요
저희 집처럼 아직 어린 아이들이 먹기에 딱
이 육수는 쟁여 놔야합니다"
1000040783,강릉식 짬뽕순두부 찌개,2023-10-30,100,"장 보면서 여러 밀 키트 제품을 구입했더니 돌려 가면서 먹으니까 편하고 좋네요
이번에는 강릉 식 짬뽕 순두부찌개를 끓였어요
예쁘게 칼집 내진 오징어와 새우 대파 양파까지 들어 있었는데 재료가 모두 신선했어요

조리 법은
1 채 소와 새우 솔방울 오징어를 깨끗이 씻고 물기를 제거해 요
2 대파와 양파를 먹기 좋은 크기로 잘라 요
3 냄비에 짬뽕 순두부 소스와 대파 양파 넣고 약 중불로 2분 간 볶아요
4 새우와 솔방울 오징어를 넣고 1분 간 볶아요
5 마지막으로 순두부를 넣고 강 불에서 5분 간 끓여 주면 완성입니다 

우리 집은 성인 3명인데 양이 아주 적당했어요
아들도 맛있다며 밥을 더 먹더라고요
남편과 저도 담백한 순두부찌개를 잘 먹었네요
짬뽕 순두부찌개라고 해서 매울까 생각했는데 별로 맵지는 않았어요

저는 더 맛있게 먹으려고 계란을 넣고 흰 자가 어느 정도 익은 후 불을 껐어요
그런 다음 노른자를 터뜨려 먹으면 더 맛있거든요
백종원 쌤이 알려 준 대로요"
5110442,야채담은 소불고기 400g (냉동),2023-02-25,100,"사미 헌 불고기 후기가 좋아서 구매해 보았어요
마침 아이랑 둘이서만 밥 먹을 기회가 되어서
간단히 불고기랑 먹기로 하고 미리 상온에서 해동 후 조리 시작
첨엔 중불에서 끓여 주고요 중간에 길이가 조금 긴 고기는 가위로 잘라 주었어요
보글보글 끓고 있을 때 미리 미지근한 물에 불려 두었던 당면 한 줌 넣어 센 불에서 더 끓이고 
중간에 국물이 졸아 버리는 것을 방지하기 위해 물을 반 컵 정도 넣어 더 끓였어요
한참 보글 끓이다가 당면이 많이 흐물해졌을 때
이미 야채가 들어 있지만 색감과 식감을 위해 컬리에서 구매한 냉동 대파 한 주먹 투하 
국물이 많이 줄었다 싶을 때 불 꺼 줍니다
아이가 한 젓가락 집어 먹더니 맛있다 연발하며 젓가락질이 바쁘네요 ㅋ
간이 짜거나 자극적이지 않고 양파나 당근 등 야채가 함께 들어 있어 다른 재료 힘들게 준비할 필요 없고 당면 정도만 더 넣어 아주 풍성한 한 끼 먹었네요
고기 다 건져 먹고 남은 국물에 밥 비벼 컬리에서 구매한 볶음 김치 얹어 맛있게 먹었어요
벌써 장 바구니에 또 담아 두었네요 ㅋ"
5116405,쟌슨빌 부대찌개,2023-02-02,100,"이거 진짜 추천이요 햄이 일단 많아서 놀랬어요 그리고 양배추랑 양파가 소량 들어 있었어요
양이 적으신 분은 여자 성인 2명도 충분히 먹을 꺼 같아요 

저만의 방법으로 조금 가미해서 먹었는데 정말 밖에 파는 맛이 나서 알려 드리고 싶어서 리뷰 적어 봐요
귀찮으신 분은 원래도 맛있어서 그냥 드셔도 되지만 제 입맛에는 너 칼칼하고 매콤했으면했거든요

꿀 팁
1 집에 있는 김칫국물 3 스푼을 넣는다

2 뜨거운 물 100ml 기호에 따라 가감하셔요

3 김치를 조금 잘라 넣는다

4 부대찌개가 한 번 끓어오르면 중불로 줄이고 
 청양고추 2개 대파 반 개를 썰어서 넣는다

5 라면 사리를 넣는다 저는 개인적으로 면이 얇은 게 더 맛있어서 얇은 사리면을 넣었어요 
6 완성된 부대찌개 냠

이렇게 하면 왠 만한 성인 2명도 배부르게 먹어요 다들 맛있는 식사 하세요"
5119615,금돼지식당 김치찌개,2023-04-03,100,"예전에 이마트 갔다가 본 건데 살까 말까 고민하다가 안 샀는데
컬리에도 있길래 보고 갑자기 김치찌개가 먹고 싶어져서 구입해 봤습니다 가격도 5 천 원 초반대로 착하고 양도 3인분 정도 나오는 거 같아요
그냥 끓여서 먹거나 전자렌지에 돌려서 먹어도 맛있다고 
하지만 그럼 뭔가 아쉽잖아요
저는 컬리에서 대파 두부를 추가로 구입해서 넣어 봤습니다
그리고 집에 있는 먹다 만 스팸도 같이 추가했어요
금 돼지 식당 김치찌개를 냄비에 넣고 살짝 끓을 때 물도 조금 추가해 줍니다 저는 간 보면서 조금씩 추가했어요
잘라 놓은 스팸을 먼저 넣고 1분 정도 끓이다가 
컬리에서 산 두부도 조금 잘라 넣고 조금 끓이다가
마지막으로 대파 넣고 살짝 더 끓이면 끝

주말에 일어나자마자 먹었는데 너무 간단해서 
편하게 먹을 수 있었어요 맛도 맛있구요 
김치랑 돼지고기도 많이 들어 있구요
저는 자취해서 혼자 먹었는데 3번 나눠서 먹었어요
처음보다 두 번째 두 번째보다 세 번째가 더 맛있었어요
그래서 무조건 재구매할 생각입니다
살까 말까 고민하시는 분들은 꼭 사 보세요
두부나 스팸 추가해 주시면 더 맛있으니까 꼭 추가해 주세요"
5034225,명월관 갈비탕,2023-11-06,90,"왜 워커힐 명월관인지 먹어 보니 알겠네요
갈비탕 좋아하는 아이들 덕분에 
물론 저도 좋아합니다 맛있는 갈비탕 집 찾아가서 먹기도하고 맛있다는 갈비탕 주문해서도 먹고
급할 때 
마땅히 요리할 만한 재료 없을 때 
간단하게 먹기에 이만한 게 없다 싶어 언제나 갈비탕은 쟁 겨 두는 편인데
실온 보관
냉장 보관 
내동 보관
하물며 뼈 없는 갈비탕까지 
종류별로 먹어 보았으나
음식점에서 갖 나온 갈비탕에 가장 가까운 맛은 
아무래도 냉동 보관이 가장 가깝고
한꺼번에 많이 구매는 못 하더라도 
냉동실 공간을 고려해야해서요 
냉동 위주로 구매를 하던 중 
컬리에서 판매하는 다른 갈비탕들도 물론 맛이 있었지만 
그래도 명월관 갈비탕과는 비교 불가네요
국물도 물론 인위적인 맛 없이 깔끔하고 맛있지만 갈비가 아주 제대로 입니다 
두툼한 고기가 어찌나 부두러운지 
부드러우면서도 쫄깃하 세 씹히는 식감까지
직접 가서 먹지 못 해도 이렇게 집에서 편안히 먹을 수 있으니 감사하네요
참  편한 세상 입니다"
5036959,곰탕,2023-08-10,90,"매장 가서 먹어 보고 반해서 자주 갔는데 밀키트 나왓더라구요 
그래서 시켜 먹어 봣는데 가격은 파는 가격이랑 비슷하더라구요 
집에서도 먹을 수 잇으니 좋았습니다 안에 고기도 많이 들어가 있구 
국물 역시 닉값하네요  아주 찐하고 맛있어용 "
5044756,갈빗살 육개장 (2인분),2023-07-08,88,"컬리에서 간단한 음식만을 찾아서 주문하는 편인데 이 외할머니 댁 갈 빗살 육개장이 편하고 맛까지 좋다는 후기가 많아서 한번 주문해 봤어요

육개장 재료가 따로따로 포장되어 오는 상품이 아니라 끓여진 육개장이 얼려서 포장된 제품이라 포장이 간단해 냉동 보관하기도 편했어요
1kg 2인분 제품이 고요해 동해서 끓이기만하면 완성되는 제품이라 누구든지 쉽게 끓여 먹을 수 있는 음식이예요

먹기 전 냉장고나 실온에서 해동하고 끓이면 돼요
저는 냉장고에서 해동했는데 충분히 해동되지 않아서 그냥 끓여 먹었어요
집에 있던 대파를 더 썰어 넣었고 당면과 계란을 같이 넣어 끓여 먹었답니다

먹어 보니 큼직한 갈 빗살이 들어 있는데 고기가 질기지 않고 맛있었고요
대파가 많이 들어 있는 점이 좋았어요 이런 데 들어간 대파가 달고 맛있잖아요
고사리랑 버섯도 넉넉히 들어 있었고요
맵찔이인 저도 먹기 좋을 만큼 적당한 맵기였어요
매운 거 잘 못 드시는 분들은 저처럼 계란 넣어서 끓여 드시면 더 좋을 것 같아요

국물이 정말 진하고 맛있어서 밖에 나가서 사 먹는 육개장 전혀 안 부럽고요
집에 칼국수면 있으면 면 넣고 육개장 칼국수로 끓여 먹어도 맛있을 것 같아요
이런 음식은 쉽게 질리는 음식도 아니라 여러 개 쟁여 두기도 좋겠어요
정말 맛있는 한 끼 잘 먹었네요"
5035913,뼈없는 인삼 갈비탕,2022-07-18,88,"컬리 갈비탕 매니아라서
브랜드별로 이것저것 먹고 있어서
구매해 먹어 봤습니다

역시 컬리 갈비탕은 항상 성공이네요

배송
냉동 상태로 배송 옵니다 다른 브랜드처럼 플라스틱 용기에 담아서 얼려 저 오는 게 아니고
사진처럼 비닐에 담겨 와서
쓰레기는 더 적어요

조리
냉동실에서 보관하다가 먹기 전날 냉장 실로 옮겨 두었습니당

구성
인삼 1개랑 갈비 고기들 무대파 등이 있었어요
냄비 사진에는 저희 집에 잇는 대파 청 고추 홍고추 추가해서 더 넣은 거에요

맛 
감칠맛도 좋고 깔끔하고 맛있습니다
다른 브랜드 갈비탕과의 차이점이라면
인삼 갈비탕이라 그런지 국물 맛이 조금 더 한약 향 약간 한방 삼계탕  국물처럼 그런 맛이  살짝 더 있는데
개인적으로는 왠지 한약 향 잇는 거 더 좋아해서
맛나게 잘 먹엇어요

양
양은 성인 남자 넉넉한 1 인분이고 
여자 1 남자1  나눠 먹으려면 물 조금 추가하고
다진 마늘이랑 간 조금 더하면 될 것 같아용

양이나 가격이
 2인분 잇는 다른 갈비탕보다 조금 더 저렴하기 때문에 한 끼 식사용으로 한 사람이 먹기엔
해당 제품 추천입니다

대파랑 야채 추가해서 한 그릇하세용"
5067835,찹쌀 순대국,2022-10-09,80,"순대국이 너무 먹고 싶어 주문했어요 역시 너무 맛있어요
누린내는 전혀 없고 건더기가 넉넉해서 2 팩 샀는데 양이 많아요

백 순대와 고기도 많이 들어서 맛있게 먹었어요

 만들기

1 냄비에 봉투 안에 얼어 있는 순대국을 바로 넣어 끓입니다

2 별도 간을 하지 않아도 되지만 새우젓 들깨 가루 등 취향 것 넣어 주세요

부추 무침  만들기
컬리 절단 부추를 샀는데 양이 딱이네요

양념은 매실 액 1T 고춧가루 1T 꽃게 액 젓 1T 넣고 버무려 주세요

국밥에 넣어 먹으니 향긋하니 좋아요
순대도 같이 주문해서 먹었는데 식당에서 먹는 기분이 나네요

부쩍 추워진 요즘 뜨끈한 순대국 어떠세요 추천합니다"
5048746,청국장,2022-06-10,80,"개인적으로 꾸리꾸리한 향과 맛이 더 나는 청국장 좋아하는데
이건 덜 나네요 
요즘 냄새 덜 나는 청국장 찾는 분들도 많은데 
이 청국장이 딱인 듯 해요
끓여도 먹고 나도 집 안에 남는 냄새가 없어서 너무 좋아요

청국장이라기보다 청국장 맛도 나는 찌개 같은 느낌
그렇다고 맛이 없진 않아요
밥에 곁들여서 먹으니 너무 맛있네요
두부 호박 대파 무 등 건더기도 적절히 들어 있어요
국물이 넉넉한 편이라 원하는 재료 더 넣어서 
끓여 드셔도 좋을 듯 합니다

냉동된 상태로 배송되었고 보관도 냉동 보관이라 
냉동실에 넣어 두었다가 유통 기한에 크게 구애 받지 않고
언제든 꺼내서 데워 먹으면 되어서 너무나 좋습니다

가끔 식사 준비할 시간이 여유롭지 않을 때 
한 번씩 먹기 좋을 것 같아서 
가끔 주문해서 먹을 것 같아요"
5051186,갈비탕,2020-04-23,80,"강남 면 옥 매장에서 냉면과 갈비찜은 먹어 봤지만 갈비탕은 아직 못 먹어 봤어요
갈비찜이 맛있었으니 갈비탕도 맛있을 거라 기대하고 구매했습니다

포장 및 배송
한 쪽으로 쏠림 없이 냉동 상태의 갈비탕이 안전하게 배송 되었어요

조리법
조리법이랄 것이 딱히 없고 해동 후 냄비에 한 번 끓이기만하면 됩니다
전 해동이 약간 덜 된 상태에서 냄비에 중불로 데웠는데 금방 녹았어요
갈비탕에 당면이 빠지면 서운할 것 같아
미리 불려 둔 당면을 채반에 토렴하듯 살짝 데쳐 주고 
냉장고에 있던 팽이버섯과 대파만 조금 추가했어요

양과 맛
12인분이라고 되어 있는데 양이 생각보다 많았어요
아이와 함께 먹었는데 한 그릇 정도 남았어요
어른 1 아이 2 또는 어른 2명이 먹기 충분한 양이에요
갈비 5대 들어 있었고 대파와 팽이버섯이 국물에 함께 들어 있었어요
자극적이지 않은 깔끔한 국물 맛이에요
적당히 간이 되어 있어 따로 추가하지 않았어요
18개월 아이가 먹기에도 적당했어요 
아기와 함께 먹었는데 고기가 질기지 않아 아이도 잘 씹어 삼켰어요 
고기는 뼈와 분리가 잘 되어 남김 없이 먹을 수 있어서 좋았어요 
다른 반찬 필요 없이 김치와 밥 말아서 든든한 한 끼 해결했습니다

무나 콩나물을 추가해 시원하게 먹거나 
버섯을 다양하게 넣어 전골 식으로 끓여도 맛있을 것 같아요"
5026468,갈비탕,2024-05-30,80,"사미헌 라이브 행사 때 옳타쿠나 사재기한 일 인입니다 전에 한 번 먹어 본 기억이 있어 재 주문이었는데 역시나 맛있습니다 

한 팩에 2인분까지는 안 되는 것 같고 성인 두 명이 인당 한 팩씩 조리 하여 먹으니 다른 반찬 없이도 배불리 먹을 수 있는 정도인 것 같습니다 한 팩에 작은 갈빗대 79대 정도 들어 있는 것 같아요 

고기도 질긴 부분 없이 부드럽고 냄새도 역시
맛있는 냄새만 나네요  해동을 조금 덜 시켜 얼음이 좀 있는 상태에서 먹었는데도 짜거나 하는 것 없이 한 끼 맛있게 먹었습니다 

갈비탕 이제 가게 안 가고 집에서 사미헌으로 먹으면 되겠어요"
5095731,소고기 알꼬리 800g (냉동),2022-03-23,80,"저는 사실 아직까지 소꼬리 찜을 먹어 본 적이 없어요 어쩌다 대옥 소꼬리 찜이 유명하단 글을 본 후로 와 언젠간 꼭 만들어 먹어 보고 싶다 생각만 하던 걸 드디어 도전하게 됐네요 이 글만 보시면 블로그 안 찾아보셔도 대옥 꼬리 찜 만들어 드실 수 있습니다

1 먼저 고기는 핏물을 빼 주세요 3시간 정도 담가 놓으면 된다던데 저는 중간에 급한 일이 생겨 한 10 시간은 담궈 놓앗 네유 육즙 같은 게 다 빠지는 거 아니야 햇는데 맛있기만합니당 저는 중간에 3번 정도 물 갈아 줬어요

2 생략 가능 냄비에 물을 꼬리 찜이 살짝 잠길 정도로만 받아서 5분 10분 정도 한 번 삶아 주세요 
블로그에서 불순물 제거에 좋대서했는데 딱히 머 거품이라던지 이런 건 거의 안 나오더라구요 저는 다음 번에는 굳이 안 삶을 거예요 앗 컬리에서 파는 일상 미소 꼬리 찜 상태가 좋아서 그런 건가 싶기도 하네요 생략 가능

3 한 번 데쳤을 경우에는 찬물에 서너 번 헹구고 안 데치고 핏물만 뺀 상태라면 가위를 들고 지방 제거를 해 줍니다 
근데 이것도 별로 제거할 게 없긴했어요 쓰다 보니 여윽시 좋은 식재료인 듯

4 냄비에 물을 넉넉히 받고 손질한 꼬리를 넣습니다 작은 양파 통으로 한 개랑 대파 실한 걸로 두 대 뿌리째 가위로 숭덩숭덩 34 등분해서 넣고 통마늘 67 알 정도 넣고 이제 끓이기만하면 돼요 
저는 중 약 불에서 냄비 뚜껑 꼭 안 닫고 살짝 한 05센치 정도 열어 놔 뒀어요 혹시나 넘칠까 바 이라고 1시간 30분 쯤 끓여 줫어요 드라마 보느라 시간 순 삭
중간중간 두 번 정도 가서 밑에꺼랑 위에꺼랑 섞어 주고 꼬리 찜이 안 잠길 정도로 국물이 자박자박하면 물도 한 컵 정도 좀 넣어 주고 했습니다 불을 끌 때쯤엔 꼬리 찜이 국물에 잠길랑 말랑한 상태였어요

5 이제 양념장만 만들면 끝
부추를 반 단정도 씻어서 국그릇에 대고 손가락 반 마디 한 마디만 하게 개취대로 썰어 줍니다 저는 칼보다 가위가 더 편햇던 거 같아요 부추썬거에
다진 마늘 한 스푼
간장 세 스푼
설탕 두 스푼
식초 두 스푼
고춧가루 한 스푼 깨소금 후추
육수 한국 자개 취
잘 섞어 줍니다 접시에 꼬리 찜을 건져서 담고 양념장 술술 뿌려 줍니다 다 뿌리는 거보다는 3분의 1 정도는 남겨 놨다가 꼬리 찜을 찍어 먹는다던지 나중에 국수 넣고 비벼 먹을 때 취향껏 넣으시면 좋아요




보나쓰 남은 육수를 어쩌지 싶을 때 전 다음날 위에 기름기를 대충 걷어 내고 떡국을 끓여 먹엇습니다
떡국 싫어하시는 분은 국수로 드샤도 넘나 맛 잇을 고 같아요 2 인분 떡국 기준이에요
남은 육수에 물 500미리 정도 보충해 주고 후추 많이 다진 마늘 한 스푼 국간장 한 스푼 다시 다 반 스푼 고춧가루 한 스푼 모자란 간은 소금으로 맞췄어요
끓으면 떡 넣고 대파 썰은 거 넣고 계란 두개 밥그릇에 풀어서 두어 바퀴 돌랴 줍니다 한 30초 잇다가 불 끄고 퍼서 드시먄 마무리까지 굿 굿 굿 "
5128947,프리미엄 전통육개장,2022-10-14,77,마켓컬리에서 그간 육개장을 여러 번 샀었는데 이번에 산 이 이화수 것이 가장 제 입맛에 맞아 요 국물 맛도 깔끔하니 좋고 한 봉으로 둘이 먹고 남았어요 물론 제가 물도 조금 더 붓고 계란도 풀어 먹었죠 건더기는 대파와 고기가 주류라서 다른 걸 조금씩 더 넣으면 완벽할 거 같아요 국물 베이스가 맛있고 고추기름이 많이 들어가서 살벌하게 빨갛거든요 그래서 첫 번째 한 봉은 물을 조금 더 붓고 계란 풀고 간만 맞춰 먹었고 두 번째 봉은 토란 줄거리 불린 것과 고사리나 물을 조금 더 넣어 보려고 지금 끓이는 중에 후기 씁니다 물을 두 배도 더 부었는데 이렇게 빨갛습니다
1000175407,양지 육수 300g 4개입,2023-07-25,70,"바쁜 시간 간편하게 육수 낼 수 있어 정말 좋습니다
퇴근 후 육수 내고 음식하려면 엄청 번거로운데 간단하게 요리할 수 있어서 참 편하네요 
이대로 한 번 만들어 보세요
평양 냉면 만드는 방법 공유
이 방법은 본인이 개발한 방법으로 존 맛을 보장함
1 소고기 양지 육수 500g을 넣는다
2 물 500ml를 넣는다
3 국간장 1 스푼 소금 1 스푼을 넣는다
4 잘 섞어 준다
5 칼칼한 맛을 위해 매운 고추 씨를 거름 망에 넣어서 넣어 준다
6 간이 맞는 지 먹어 본다 맵고 칼칼한 걸 원하시는 분들은 고추 씨를 많이 넣는다
7 백김치를 잘게 잘라 국물에 넣어 준다 느끼한 맛을 없애 줌
8 취향에 따라 미원 아주 조금을 넣어 준다
한 57
9 간이 되었다고 판단되면 얼음을 넣어 주어 차게만 들어 준다
10 대 파를 잘게 썰어 국물에 넣어 준다 느끼함 잡아 줌
11 마지막으로 메밀국수를 산다 메밀 함유량이 많은 걸로 마트 가면 싸게 팜 본인은 건면으로 함
12 국 수를 삶고 육수를 넣어 준다
13 고소한 풍미와 식감을 위해 볶음 통 들깨를 아주 조금 넣어 준다 이게 또 존 맛임
14 맛있게 먹는다"
5061723,양지곰탕 600g,2022-09-09,70,"컬리에서 동남 집 양지 곰탕을 처음 사 먹은 건 올해 2월이었어요 곰탕 좋아하는데 집에서 끓이려면 고생이잖아요 하지만 이 제품 알고 나서 이제 생각 날 때마다 먹을 수 있네요

1 처음 먹을 땐 2 인이서 두 팩 끓이고 대파만 송송 썰어 넣고 밥이랑 김치랑 먹었어요 1 인 1 팩이면 고기 양도 정말 넉넉해요 다음 번에 먹을 땐 설렁탕 집 처러 소면 사리 넣어 봐야겠다 생각했죠

2 다음 회차엔 면을 워낙 좋아해 면 사리 가득  2 인이서 1 팩으로 먹어도 고기 고명에 소면 사리 밥까지 먹으니 푸짐해요 

3 그리고 마지막으로는 아예 국수로 먹기에 도전 깔끔하고 맑은 국물에 얇은 고기라서 국수 베이스로도 정말 좋더라고요 쌀 소면 사용했고 한 번은 할라피뇨 토핑으로 한 번은 쌀국수처럼 고수 토핑으로 먹어 봤는데 모두 잘 어울렸어요 

냉동으로 보관하다가 냉장 실에 하루 전날 내려놓고 요리하기 귀찮을 때 뜨끈한 국물 생각날 때 아니면 면러버 분들 국수 베이스로도 추천 합니다 ㅅ"
5058878,프리미엄 어묵탕,2021-12-17,70,"어묵탕을 워낙 좋아해서 어묵탕 종류별로 먹어 봤어요
컬리에서 파는 다른 제품들도 먹어 봤는데 
제 최애는 고래사에요 

고래사 어묵이 맛있다는 얘기는 예전부터 들어왔었고
어묵 볶음용으로도 고래 사 어묵 자주 구매했었는데요
프리미엄 어묵탕이 세 일 하길래 냉큼 장 바구니에 넣었습니다

프리미엄이라는 이름에 걸맞게 맛이 진짜 기가 막혀요
어묵 진짜 쫄깃 탱글 하고
전 푹 퍼진 어묵 싫어해서 분식집에서도 덜 익은 어묵으로 달라고 꼭 말하거든요 이런 제게 딱 맞는 식감이에요
오래 끓여도 막 퍼지지 않고 식감이 너무 좋아요
국물 맛 있어서 다 먹게 되니까 꼭 물 두 배로 하고 스프 두 개 다 넣으시고요 

여기에 쑥갓만 넣으면 금상첨화 
단 몇 분 만에 집이 이자카야로 바뀝니다 
컬리에서 파는 쑥갓 꼭 넣어서 같이 드셔 보세요
진짜 진짜 진짜 꿀맛 너무 맛있어요"
1000128435,육개장 730g,2023-02-13,70,"엄마가 육개장 드시고 싶다 해서 고르고 고르다가 조선호텔 육개장 후기가 좋아서 주문했는데
엄마랑 저녁 한 끼 너무 잘 먹었어요

전날 냉장에 꺼내 해동해도 되지만 갑자기 먹는 바람에 급히 전자렌지에 해동을 해서 끓여 먹었는데
정말 간편하더라구요
밀 키트처럼 요리를 해야할 것도 없이 완제품이라
냄비에 넣어 끓이기만하면 완성 이예요

식당에서 사 먹는 육개장이나 요즘 냉동 제품도 조미료 맛이 나는 것도 한 번씩 있는 데
조선호텔 육개장은 집에서 끓인 것처럼 조미료 맛도 안 났고 정말 깔끔했습니다
소고기 대파 버섯 숙주 무가 들어 있지만 건더기를 좋아하시는 분들은 고사리 숙주 더 넣어서 드셔도 될 것 같아요
두 명이서 먹기에 충분했구요 저는 건더기 많은 걸 별로 안 좋아해서 딱 좋았습니다
국물이 깔끔하고 약간 매워서 개운해요
육개장을 별로 좋아하지 않는데 엄마 드시라고 주문했다가 저도 밥까지 말아 먹었네요

식당에서 먹는 육개장보단 경상도 식 빨간 소고기 무 국 먹는 느낌이 여서 밥 말아 먹어도 맛있더라구요

담 번엔 당면을 조금 불려 같이 먹어 보려구요
냉동실 쟁여템 하나 더 생겨서 좋아요"
5055553,콩비지찌개,2022-08-18,70,"몇 번째 재구매이고 여러 개 사서 주변에 나눠 줄 정도로 너무 좋아해요 먹어 본 지인들도 다 맛있다고 구매했구요 조리법이라고 할 게 없을 정도로 그냥 끓이기만하면 됩니다  살짝 해동해서 끓이는 게 더 편하긴한데 전 그냥 꽁꽁 언 상태로도 끓여 먹어요 

다른 분들처럼 김치 썰어 넣어 먹어도 맛있지만 전 그냥 그대로 먹는 게 젤 좋더라구요 
굳이 단점을 꼽자면 들어 있는 배추가 조금 커서 가위로 잘라 주면 좋다는 점  이것도 취향 차이 일 것 같아요

12 인용이라고 써져 있는데 1 인용으론 많고 2 인이 한 끼 먹기 딱 좋은 양인 것 같아요 강추템입니당"
5068907,고기 설렁탕,2023-12-06,70,"오빠야랑 십 년 넘게 같이 자취했는데
제가 아플 때마다 신선설농탕에서 포장해 와서
먹으라고 주더라고요
오빠야 결혼해서 따로 사는데 이번에 독감 걸려서 너무
아픈데 소울 푸드처럼 생각나더라고요
밤에 주문해서 새벽에 받아서 일어나지 마자 밥솥에 쌀 넣고 취사하면서 냄비에 원액 넣고 고기 부어 넣고 끓이면서 대파 총총 썰어서 면기에 한 팩 끓인 거 다 부어서
밥이랑 맛있게 먹었어요
엄마가 김장 김치 보내 주셔서 같이 잘 먹었어요
소금 후추 별도 간 없이 그대로 먹어도 완전 맛있어요
예전에 부모님 10년 만에 저희 집 오셨을 때도
신선설농탕에 갈 치 구워서 반찬이랑 드렸을 때도
맛나게 드셨어요 상황에 따라 3 인이 먹을 수도 있고 1 인이 먹을 수도 있는 거 같아요
냉동 제품이라 다음에 주문할 때 같이 사야겠어요"
1000620989,토종닭 백숙 삼계탕,2024-07-08,66,"서대문 평양 옥 토종 백숙 삼계탕

 올여름 삼계탕을 드셔야한다면 저는 이 제품을 추천 드리고 싶습니다 냉동 제품입니다 자 제가 왜 이 제품을 대 놓고 강추 하느냐 설명 들어갑니다

 시중에 삼계탕이라고 판매되는 제품들 대부분이 백 세미입니다 백 세미라고 함은 육계와 산란계를 교잡한 국적 불명의 잡종 닭입니다 우리가 먹던 그 토종닭이 아닙니다 이 제품은 우리나라 농식품부가 인증하는 토종 축산물 인증 마크가 붙어 있는 토종 닭 품종으로 만든 제대로 된 토종 삼계탕입니다 제대로입니다 제가 알기론 현재 시중에서 구매할 수 있는 거의 유일한 우리나라 토종 닭 품종으로 만든 삼계탕 제품입니다 식감부터가 다르고 껍질의 맛이 다르고 육수가 다릅니다

 평양 옥은 서대문에 위치한 토종닭 전문점입니다  3대째 하고 있는 집이고 닭 곰탕으로 시작한 집입니다 저도 한 번 가 봤었는데 정말 그 국물이 기가 막히는 데 그 진한 국물의 맛이 이 간 편식 삼계탕에 그대로 담겨 있습니다 정말 진한 토종닭 육수가 우려져 있습니다

 속은 찹쌀과 맵 쌀 밤 인삼 대추 마늘 호박 씨 등으로 가득 차 있습니다 중요한 걸 말씀 드리면 이 제품은 냉동이기 때문에 배송을 받으시면 냉동고에 넣지 마시고 냉장고에 넣어서 하루 이상 냉장고에서 완전히 해동하신 후 냄비로 옮겨서 익혀서 드세요 이거 진짜 중요합니다 냉동된 째 냄비에서 바로 끓여 드시면 속까지 열이 잘 전달이 안 됩니다 완전 해동 후 끓여 드시는 게 좋습니다 

 그리고 끓일 때 물을 1312 잔 정도 넣고 끓여도 좋은 것 같습니다 그 만큼 진한 육수입니다

 이 제품은 제가 지금까지 사 먹었던 삼계탕 간 편식 통틀어서 압도적 1위입니다 이건 진짜 한번 즐겨 보실 만한 우리 나라 전통 K푸드입니다 강추"
5045208,우거지 감자탕,2023-10-23,66,"생각했던 거 보다 맛있음
우거지 감자탕 식당에서 먹는 거랑 비슷하네요

순대 싫어하는 사람은 싫어할 수도 있겠어
순대 냄새가 많이 나긴해요
근데 국물은 뭔가 심심하면서 깔끔한 맛
자극적인 게 없어서 좋았어요

순대도 진짜 찐 순대 맛
뼈다귀 살도 생각보다 야들야들해서 좋았어요
해동해서 먹어야 되는데

급한 마음에 그냥 냉동째로 때려 넣어서 열심히 끓임
ㅋ0 ㅋ간편하게 먹기 좋아요
캠핑 가서 먹기 너무 좋은 걸"
5053979,사골 도가니탕,2022-08-16,66,"여름철 보양식으로 사골을 먹기란 엄청 힘든 일이 아닐 수 없습니다 

물에 담가 핏물을 빼고 손질한 후 세척하고 1차로 끓여서 불순물 제거하고 또 다시 손질한 다음 2차로 23시간 이상 중 불로 끓여야하니 ᆢ 

반면에 경복궁 사골 도가니탕은 이런 힘들고 복잡한 과정 없이 남편과 함께 진한 국물의 도가니탕을 맛볼 수 있어 좋았습니다 

처음해 동 후 육수 색깔이 우유처럼 너무 하얘서 남편은 프림 등 첨가물이 들어가서 그런 거 같다고 하였습니다  안내 사항을 읽어 보니 한우 사골 추출 특허 기술을 통해 지방을 제거하여 나타나는 현상이라 하며 프림 등의 첨가물은 절대 사용하지 않는다고 나와 있어 더욱 안심하고 먹을 수 있었습니다 

한우 사골과 도가니 엄밀히 한우 도가니와 미국산 소스지로 확인됨로 우린 국물은 담백하면서도 깊고 진한 맛을 느낄 수 있었고 소스지는 부드러우면서도  쫄깃한 식감을 느끼게해 주었습니다 

양은 700g 정도로 성인 2 인이 먹기에  크게 부족하지 않았으며
평소 냉동실에 보관하다가 도가니가 급땡길 때 꺼내 간편히 조리하여  맛있는 사골 도가니탕의 맛을 볼 수 있다는 점에서 재구매하여 쟁여 놓고 싶은 욕심을 부르는 제품입니다"
1000085958,가자미 미역국,2022-12-05,60,"벌써 세 번째 구매입니다 세 일 할 때 쟁여 두고 있어요 ㅎ
청담 미역 예전 회사 다닐 때 자주 다니던 맛 집이었는데 그 맛이 그리울 때 한 번씩 번거롭지만 갈 정도로 좋아하던 맛 집이었습니다
차 끌고 가기도 좀 어려운 동네라서 자주 못 갔는데 이렇게 집에서 먹을 수 있는 제품이 나오다니 너무 너무 좋습니다

사실 거기에서 먹던 맛 그대로일까 처음에는 반신반의하면서 구매했는데 포장 뜯자마자 퍼지는 고소한 참기름 냄새에 맛보기 전부터 바로 기대치 충족했습니다
왜 오뚜기랑 만들었나 했는데 향 맡자마자 이래서 참기름 들기름 잘하는 오뚜기랑 했구나 하는 향과 맛이였습니다

맛도 맛이고 편한 것도 너무 편하더라구요 식사 준비 시작하면서 잠깐 실온에 꺼내 뒀다가 다른 반찬 다 할 때 쯤 살짝 녹아 있으면 뜯어서 바로 냄비에 물 살짝 넣고 하면 끝입니다 세상 편해요

가자미도 크게 기대 안 했는데 큼지막하게 두 덩이나 들어 있어서 둘이서 먹기에도 작은 아이 한 명 있는 집이면 셋이서 먹기에도 양이 딱입니다 생선 구이 싫어하는 아이도 이거는 가시도 하나 없는 순 살이라서 하나씩 얹어 주면 잘 먹더라구요
진짜 밥 차리기 싫을 때 미역국에다가 밥 말아서 김치만 줘도 잘 먹습니다 찬밥만 남았을 때 최고의 반찬

진짜 너무 만족해서 주변 지인들한테도 엄청 홍보하고 선물로도 몇 집 보내 줬어요 주변에 출산한 사람들 있으면 선물로 주기에도 좋을 거 같네요 선물 세트 출시해 주면 더 좋을 거 같아요"
5026468,갈비탕,2024-04-20,60,"얼마 전 친정 부모님 댁에 보내 드렸는데 갈비가 고기도 부드럽고 고소하고 냄새도 안 나고 기름기도 별로 없고 국물이 맑고 깔끔하다고 하시며 너무 맛있게 드셨다고 하셔서 마침 일일 특가로 떳길래 얼른 재구매했어요

제가 조리한 방법 공유할게요

냉동 상태로 배송 받은 제품을 미리 해동시킨 후
냄비에 넣고 저는 물을 조금 더 부었어요
무 몇 조각 마늘 3 톨페퍼론치노 몇 개 생략 가능
후추 가루 넣고 팔팔 끓이다가
컬리에서 판매하는 사누끼 우동 면 사리를 넣거나
불린 당면을 넣고 끓여도 너무 맛있어요
마지막에 대파 청량 고추 넣고 그릇에 담아 먹었는데 정말 식당에서 사 먹는 맛이 나더라구요 넘 맛있게 먹었어요

어른 둘이서 나눠 먹기 딱 좋은 양이고 
갈빗대는 5개 정도 들어 있고 고기도 고소하니 잡내 안 나고 맛있어서 계속 재구매하는 상품이에요
고민하시는 분들어서 사세요
강력 추천합니다"
5048192,목련 어묵탕,2022-04-22,60,"다른 회사 제품의 어묵탕을 사면 무조건 간장 베이스로 된 짠 맛이 나거나 신선하지 않은 어묵 맛이 나던 데 목련 어묵탕은 정말 다르네요

김치 우동 시켜 먹고 너무 맛있어서 슴슴한 맛인 어묵탕은 어떤 맛이려나 하고 궁금해서 주문해 봤는데 결과는 대만족이였습니다

우선 분말 가루 같은 것이 두 봉지 들어 있어서 간 조절하기 편하고 한 봉지는 남겨 뒀다가 다른 국물 음식할 때 요긴하게 사용해도 될 거 같네요

조리법
1 600ml의 물과 조미 가루를 넣고 팔팔 끓여 줍니다
2 어묵을 넣고 12분 가량 끓이면 끝

조리법이 너무 간단해서 좋았어요 요즘 밀키트나 냉동식품 사 먹으면 이리저리 귀찮은 일이 많아져서 회의적이던 찰나에 간편하게 끓여 먹을 수 있는 한 끼라 좋았습니다

 우동 면과 유부 슬라이스 각종 채소 등을 곁들여 먹으면 더 맛있을 거 같습니다"
5132868,부산깡통시장 유부주머니,2022-11-01,60,"유튜버 입 짧은 햇님 언니가 자주 사 드신다고 하길래 이번에 따라서 첫 주문해 봤는데 정말 성공적이었어요

부산 깡통 시장 방문은 안 해 봤지만 맛있게 먹어서 만족스럽고 이게 유명한 제품이구나 싶어요

제조는 봉지에 쓰인 대로만 하면 금방 뚝딱이예요 맛있게 먹고 싶어서 냉장에서 반나절해 동하고 식사 전에는 상온에 꺼내 두었어요 저희는 2 인 가족이라 한 번 개봉해서 한 끼에 다 먹었는데 소스가 2개 들어 있으니 반씩 나눠 드셔도 좋을 것 같아요

정량한 물에다 소스 풀고 끓으면 유부 주머니 넣으면 끝이예요 정말 간단하죠 잘 끓었나 맛보는 데 띠용하더라고요 이건 면이랑 같이 먹어야해 그래서 냉장고에 있던 우동 꺼내서 넣어 주고 유부 주머니 더 푹 익도록 같이 끓인 뒤에 맛있게 먹었어요

저희가 같이 먹은 제품은 마켓컬리에서 구매할 수 있는 거라 적어 둘게요
풀무원 정통 가쓰오 우동 4인분
그리고 얼큰 우동도 있던데 담 번엔 얼큰이랑 같이 주문해서 먹어 보려고요 겨울 내내 냉동실에 쟁여 둘 고정 아이템 하나 생겼네요"
5045208,우거지 감자탕,2023-11-12,60,"일 주일 내내 일하고 온 남편에게 
안원 당 우거지 감자탕은 최애메뉴 

소주 한잔 하기에도 좋은데
구수한 국물이 해 장으로도 최고 

끓이기만하면 맛 집에서 외식하는 듯한 맛에 
고기도 순대도 부들부들
저희가 잡내에 민감한데 깔끔하고 담백해서 맛납니다  "
5110442,야채담은 소불고기 400g (냉동),2024-03-06,60,"이거 진짜 여러 번 샀어요
리뷰 쓰기 귀찮아서 잘 안 남기는데 너무 잘 먹고 있어서 남깁니다
10번도 넘게 산 것 같은데요 일단 세 식구 기준 양이 딱 좋아요 고기만 배불리 먹을 때 말고 밥 반찬 중 하나로요 다른 반찬도 이것저것 있을 때 고기 약간 곁들여 먹을 때 어른 둘 아이 하나 세 식구인데 양 딱입니다
물론 고기만 메인으로 먹자 하면 너무 적고요
10번 이상 조리해 본 팁으로는 우선 물을 200미리 정도 넣고 해동된 고기를 넣어 양념 포함 팬에 끓이는데요 양파 반 개 당근 약간 필수 아님 넣고 끓이면 좋습니다 센 불로 끓이다 보면 불순물 거품이 올라오죠 그걸 싹 다 건져 냅니다 그래야 냄새가 안 나요 이 과정이 매우 중요합니다
냉동 고기는 한우여도 무조건 냄새 납니다 참고로 저 아주  냄새에 예민한 사람입니다
팔팔 끓이면서 불순물 다 떠내고 떡국 떡이나 조랭이 떡 조금  미리 불려 준 거 넣어 주고 다진 마늘 반 스푼과 간장 반 스푼 송송 썬 대파 약간 넣어 줘요 거기에 올리고당 한 바퀴 살짝
이렇게 하면 진짜 맛있어요
물론 싱겁게 드시는 분들은 올리고당과 간장은 빼도 됩니다
고기 야채 다 익으면 물이 자작 자작하게 남는데 밥 고기랑 같이 비벼 주니 아이가 잘 먹더라고요
참고로 아이 친구들 놀러 왔을 때도 여러 번 해 줬는데 다 잘 먹었어요 애들이 더 좋아합니다
한우 사서 불고기 재서 해 줘도 좋지만 은근 번거롭고 이건 냉동이라 편하잖 아요 아무 때나 사 놔도 되고요
비상용으로 강추 합니다
세일할 때 냉동실에 공간이 있으면 2개씩 쟁이세요 우리 아이도 입맛 까다로워서 구워 먹는 고기는 한우 아니면 안 먹는데 이건 잘 먹더라고요
관계자님 계속 퀄리티 유지해 주세요
부탁드려요"
1000047929,김치 우동 어묵 전골 (리뉴얼),2022-10-16,55,"날씨가 추워지면서 자연스럽게 손이 가서 주문했는데 쉬운 조리법에 일단 합격

1 물 어묵 김치 때려 넣는다
2 끓으면 우동 소스 마저 투하한다 끝
옵션 두부 만두 넣기

남편이랑 밥이랑 한 끼 때우려고했는데 소주를 안 마실 수 없겠더라구요
2명이 먹기도 양이 꽤 많아서 조금 남겼습니다 

여기까지면 후기를 안 쓸 텐데 그 다음 날 남은 양에 라면을 끓여 봤는데 와우 또 다른 메뉴가 되더라구요 

1 남은 양에 따라 물을 더 넣고
2 라면을 투하 스프 양은 반만 넣었어요

거의 부대찌개 맛도 나고 김치찌개 같기도하고 순식간에 다 먹었습니다

기본적인 국물 맛이 깔끔한 신김치 맛 스타일이라 집에서 이렇게 저렇게 커스텀 해서 먹기 좋은 거 같아요 캠핑 인싸템인 것 같아 세일 할 때 재구매합니다 "
5055823,진한 갈비탕,2023-09-25,55,"말 그대로 진한 갈비탕
흡사 소고기 뭇 국하고는 다른 맛이에요

완제품 중 완성 도가 높아요
그냥 먹어도 맛있지만 집에 있는 것들로
식당 분위기 내면서 먹고 싶을 때
이것 저것 추가해서 먹어요

 맛있는 갈낙탕 만들기

1 진한 갈비탕은 완전 해동하지 않아도
냄비에 넣고 끓는 동안에 다른 재료를
준비해 주세요  대추가 있으면 깨끗히 
씻어서 같이 끓여 주세요
2 당면은 소량을 미리 삶아 주세요
3 대파 팽이버섯도 소량 준비해 주세요
4 낙지는 따로 삶아서 위에 올려도 되지만
저는 국물까지 먹고 싶어서 끓는 탕에
들었다 놨다 하면서 야들야들하게
익혀 줬습니다
  국물 색깔이 약간 보라빛 돌아요
5 준비된 고명들 위에 진한 갈비탕을 담아 주세요 간이 다 되어 있어서
약간의 후추만 넣으셔도 됩니다

고기 양도 푸짐하고 따로 추가 없어도
됐고 기름기도 많지는 않아서
거품만 살짝 걷어 냈어요
고기가 약간 분리가 안 되서 이날은
중 약 불에서 시간을 더해 끓여 줬어요

세상 편하고 맛있는 식사 시간 이었어요"
5053981,한우 사골 고기 곰탕,2022-08-15,55,"꽝꽝 얼어서 배송 되었구요
하루 전에 냉장 실에 내려 놨는데 완전히 해동은
안 됬더라구요  어차피 끓일 거니까

안에 비닐이 또 들어 있는 이중 포장일 거라고 생각했는데
뜯자마자 내용물이 있어서 그거는 쫌 놀랐네요 ㅇ_ㅇㅋ

냄비에 넣고 저는 조금 해동이 덜 되서 10분 가까이
끓였어요
바글바글 끓기 시작하니까 약간 기름이 뜨는 게
보이기는한데 아주 적게 뜹니다

밥 넣고 소금이랑 후추 넣고 내 사랑 깻잎으로 데코 
간이 안 되어 있어서 좋아용

굉장히 담백하고 국물이 진합니다
엄마 손맛이예용

저는 혼자 사는 데 세 번 정도는 넉넉하게 먹을 것 같아요
고기는 양이 그리 많지는 않으니 추가하는 것도 좋을 것
같네요"
5049685,얼큰 순대국,2023-07-09,55,"컬리에서 파는 강창구 순대국만 몇 년째 먹는 중이예요
 순대국 특유의 진한 맛 땜에 여 국물까지 다 먹는 유일한

이번에 요건 세일해서 사 봣어용 좀 더 대중적이고 
청양고추 23개 정도 넣은 것처럼 칼칼해요
양이 많아서 국물은 조금 남겼지만 많이 먹었어요
원래 순대국 먹을 때 밥 안 먹고 순대국만 먹어요 

가성비 좋아요 이것도 생각날 맛이라 또 사 먹을 거예요
취향대로 부추나 들깨 있으면 추가해 먹어도 좋을 듯
그냥 먹어도 밀키트류 순대국 중에 넘 맛나긴합니당 
상위권 맛 장바구니 담는 맛

순대국 좋아하시면 추천 "
5048745,감자탕,2020-05-24,55,"감자탕을 참 좋아해요 특히 원 감자탕을 좋아해서 자주 갔었는데 요새는 때가 때인지라 못 간 지 몇 달 되었네요 
외할머니 댁 감자탕은 컬리 신제품이라 후기도 거의 없었지만 세일 중이라 호기심에 구입해 보았습니다 

땡땡 얼어서 온 감자탕 팩은 생각보다 양도 많아 보였는데 감자탕 전문점 소자 정도 양은 되 보였어요 

기왕이면 파는 감자탕처럼 해 먹고 싶어서 감자 한 알은 에어프라이어에 굽고 당면은 물에 불려서 준비했어요 
_생감자를 넣으면 너무 오래 끓이게 되서 국물이 짜질 수 있으니 미리 익혀 준비하는 게 좋을 것 같아요 
살짝 해동된 감자탕을 냄비에 담고 준비한 감자 당면 깻잎 그리고 들깨 가루를 넣고 푹푹 끓여 주기만하면 완성 

정말 끝내주게 맛있었어요 원 감자탕에서 만들었나 싶게 비슷한 맛이었구요 
뼈다귀는 크고 작게 45개 정도 들어가 있었고 고기는 연했습니다 우거지가 적지 않게 들어 있었지만 당면이나 수제비 감자 등을 추가하시면 훨씬 풍성하고 맛있는 감자탕을 즐기실 수 있을 거에요 

다 먹고 난 후엔 국물을 좀 덜어 내고 김치랑 고사리 조금 예전에 컬리에서 구입해 쟁여 놨던 날치 알 한 팩과 들기름 참기름을 듬뿍 넣어 볶음밥을 만들어 싹싹 다 먹었습니다   뼈다귀에 붙어 있던 고기 약간 감자 약간 남긴 후 같이 볶으면 더 맛있는 거 아시죠  

먹고 나서 바로 감자탕 먹으러 함께 다니던 지인들에게 이것은 미친 맛이라며 홍보를 엄청 했어요 맛있는 건 널리 알려야하니깐요

조만간 지인들 중 누군가의 식탁에도 이 감자탕이 행복한 한 끼를 가져다 줄 수 있을 거라 믿습니다 

좋은 제품 준비해 주셔서 고마워요 컬리 _____   덕분에 집에서 맛있는 감자탕을 즐길 수 있어 진심 행복했습니다"
5053979,사골 도가니탕,2023-07-13,55,"너무 맛있어요
한 팩에 23 인분이란 리뷰 보고 읭 설마해서 2 팩시켰는데 국밥처럼 먹고 싶으면 1 인 1 팩이 맞는 듯 해요
도가니도 부들부들 하고 해동도 빨리 되어서 조아용

저는 대파 거부감 있어서 얇은 파 채 썰어 넣었는데 훨씬 맛있었어요  후춧가룻
소금은 말 돈 소금 넣으니 꼬리 꼬리 꼬순내 없이 맑게 먹었어욥 "
5128143,육개장,2024-01-03,55,"먹고 너무 만족해서 부모님도 몇 개 사다 드렸더니
또 구매해 달라고 해서 구매했어요
냉동 제품이지만 먹기 전에 유수해 동이나 냉장해 동해서
냄비에 넣고 끓이기만해서 ㅎ
조리가 너무 간편하기에 냉동실에 쟁여 놓고 먹으면 좋은 쟁여템입니다 
부모님께서는 너무 맵지도 자극적이지도 않고
내용물 중 고기가 부드럽고 씹는 맛이 좋아서
너무 만족스럽다고 그래서
몇 개 더 구매해 달라고 하여 구매했습니다"
5068907,고기 설렁탕,2023-11-04,50,"신선설농탕 고기 설렁탕이 맛있다는 소문을 듣고 주문해 봤어요
두 팩을 사서 쟁여 놓았다가 반찬 없을 때 한 팩 띁어서 간편히 해 먹으니까 좋네요
다른 제품과 달리 육수와 고기가 따로 깔끔하게 포장이 되어 있어서 좋아요
육수만 데우고 고기는 토핑으로 얹어 먹기만하면 되니까 더 편리한 것 같아요
간도 적당히 되어 있어서 저희 집은 소금 후추 간 추가로 안 해서 먹어도 맛있었습니다
1 팩으로 집에 있는 국구릇 사이즈에 두 그릇 정도 되고 면기에는 일 인분 한가득 담겨질 양 입니다
파만 더 넣어서 먹었는데 너무 맛있어요
서늘한 요즘 가을에 설렁탕으로 몸도 따뜻하게 보신 잘 합니다"
5061835,사골만두칼국수,2022-04-18,50,"세 일도 하고 후기도 괜찮아서 시켜 보았습니다

생각보다 퀄리티 좋아서 놀랬습니다
남편이 파가 많아야 맛있다고 굳이 집에 있는 파 잘라서 넣었는데 안 그래도 됩니다 들어 있는 파의 양이 충분할 뿐더러 남편이 넣은 집에 있는 파는 크기 질감 면에서 오히려 식감에 방해만 되었습니다 

사골 국물 싱거울 것 같아서 소금 간 할 생각 이였는데 노노
간 딱 좋습니다 사골 국물 맛 있어서 계속 퍼 먹게 되요
국물이 충분히 많아서 집에 있는 만두 더 넣어도 됩니다
초 1 아이 포함 3 인 가족 양 좋았습니다 대식가는 아닙니다 오히려 전 사골 국물이 남아서 버리기 아까웠어요 

면도 밀가루 맛 나는 맛없는 면 아시죠 그런 면 아니고 쫄깃하고 사골 국물 흡수 되서 면 단독으로 먹어도 맛있네요 
만두 냄새 안 나고 괜찮았습니다 아 김치 만두는 한 입에 먹어야해요 전 잘라 먹었는데 김치 만두 속이 뽀얀 사골에 섞이는 게 싫더라구요 

먹고 나니 몸이 따뜻 후끈해지는 기분이였습니다"
5097090,맑은 곰탕,2023-01-13,50,"재구매

먹어 보고 넘 맛있어서 재구매했는데
가족들 모두 만족해 하네요
이름 그대로 맑고 고기도 많이 들었어요
당면 넘 좋아해서 당면 미리 삶아서 준비하고 국해서
맛있는 한 끼
파랑 후추 좀 더 넣고
전 물 살짝 더 넣고 소금 간 맞췃어요
2 팩으로 3명 맛있는 한 끼해 결햇네요"
5070615,소곱창전골,2022-11-02,50,"세일하길래 구입했어요
후기만 보고는 약간 망설일 때는 장바구니에 담아 두었다가 세일 때 사는 것도 좋은 방법인 것 같아요
결과는 성공이었고 재구매 의사도 있어요
이렇게 최애 식품이 하나씩 늘어나네요
냉동으로 온 상품이고
먹기 전 포장 상태 내용물 중량 등 꼼꼼히 살펴요
몇 시간 전에 실온으로 내 놔서 완전 해동이 되었고 냄비에 넣은 후 집에 있는 우거지도 더 넣어 주었어요
우거지 좋아하시는 분들은 또 하나의 방법일 듯 해요
후기대로 전골 안의 곱창이며 다른 내장의 양이 많은 편이에요
냄새는 나지 않았고 간도 딱 적당하니 입맛에 딱이네요
곱창이며 내장들이 적당히 끓여져 입에서 바로 풀어지거나 질기지 않고 쫄깃쫄깃 맛있어요
술안주로 만들었는데 어느새 밥까지 가져와 먹고 있는 걸 한참이 지나서야 알 정도로 맛있어요
전 세 일 아니어도 꾸준히 주문할려구요
고민은 배송만 늦출 뿐
구입하세요"
5044756,갈빗살 육개장 (2인분),2020-11-26,50,"바쁜 하루를 보내면서 
개운하고 고기와 야채도 들어 있는 
국 한 그릇을 
따뜻하고 든든하게 먹고 싶을 때 
괜찮은 갈 빗살 육개장이네요

국물
깔끔하면서도 진하고 개운 칼칼한 맛이
좋아서 재구매하는 것 같아요
한 팩에 1kg으로 국물 양도 괜찮았어요

갈 빗살 
한 입에 먹을 수 있는 크기는 7조 각 정도
그 다음 먹을 때는 조금 큰 조각이 5 조각 정도
들어 있고 부드러운 고기 식감이었어요

야채 
표고버섯 팽이버섯 숙주나물 고사리
대파도 방금 국을 만든 것처럼 굿 ㅇ
괜찮았어요

아침 식사 때는 계란을 풀어서 넣으면
국물 부드럽고 속이 편안한 국이었구요
좀 더 여유 있는 저녁 식사 때는 당면과
계란 고명도 넣어서 먹으면 한식집에서 
먹는 육개장 같았어요

할인도 해서 냉동실 저장해 놓고
날씨 추울 저녁에 따끈한 육개장 한 그릇 
먹으면서 집에서 편안한 저녁 식사 시간을
보내고 싶네요
힐링되는 음식 감사해요"
1000047929,김치 우동 어묵 전골 (리뉴얼),2023-07-24,50,"캠핑 가서 진짜 맛있게 먹었어요

식사용으로는 양이 부족할 것 같아서 물놀이 하고 간식 겸 안주용으로 끓였는데 너무 맛있었어요

김치도 볶음 김치 같은 느낌으로 들어가 있는데 요게 감칠맛이 나는 것 같고 저는 김치가 많이 들어가는 걸 좋아해서 가져간 김치도 조금 추가하고 얼큰하게 먹고 싶어서 청양고추 하나 썰어 넣었는데 진짜 너무 맛있었어요

국물 진짜 대박 
다음 캠핑에도 챙겨 가야겠어용"
5048745,감자탕,2023-05-31,48,"리뷰를 보고 혹시나 하는 마음에 구매한 감자탕이예요
그런데 와아 할 정도의 맛이라 리뷰를 남기기로 결심했답니다

포장된 감자탕에 특별한 설명은 없고 조리 방법이  직접 가열 시 내용물을 냄비나 뚝배기에 넣고 끓여 주세요 끓은 후 중불에 4분 30초 5분 간 가열하여 드시면 됩니다라고 쓰여 있네요

제 조리 방법은
1  포장지 채로 찬 물에 담가서 해동하기
2 내용물에 감자가 없는 관계로 감자 두 개를 물에 삶기
3 약간 해동 되서  물렁물렁 약간 녹은 듯 싶으면 냄비에 부어 주기
4 완전히 해동해서 넣은 게 아니라서 물 10ml를 봉지에 부어서 남은 건더기와 국물을 헹궈서 더 부어 주기
5 냄비 밑면에 물이 자박하게 있어서 아직 녹지 않은 얼음 덩어리 라도 끓이기 시작
6 살살 저어 가며 녹이면서 끓이기
7 삶아진 감자를 반으로 잘라서 감자탕에 퐁당
8 설명대로 얼음 덩어리가 다 녹고 끓으면 불을 줄여서 45분 간 가열 하기
tip  집에 들깨 가루가 있다면 1T 넣어 주기 꼭 넣기를 추천합니다
맛 차이가 어마어마하게 납니다 
9 들깨 가루와 대파 넣고 불 끄기

아들이 감자탕 언제 사 왔냐고 할 정도로 고기는 야들야들 부드럽고 국물도 끝내 줍니다

양은 고기가 세 덩어리 시래기 들어 있어서 12명 먹기 적당합니다
꼭 삶은 감자와 들깨 가루 추가 해서 드셔 보세요"
5035913,뼈없는 인삼 갈비탕,2022-07-11,48,"리뷰 별점 좋아서 구매해서
가져다 드려도 조미료 들큰한 맛
싫어하고 칼칼하고 깔끔한 맛을
좋아하는 엄마라 어지간한 거
사 가지고 가면 안 좋아하세요 ㅎ

요즘 이사하시고 몸이 계속 
아프셔서 잘 못 드시고 계신다고
해서 딸로써 신경도 쓰이고
맘도 불편해서 친정 가면서
챙겨 들고 가서 입맛 없을 때
간단히 끓여서만 드시라고
뼈도 없는 거라고 냉동실에
넣어 드리고 토욜 집에 왔는데
일욜 점심에 전화가 왔어요

갈비탕 냄새도 안 나고 고기도
부드럽고 맛있다고 재주문해 달라고요 와우 한우도 아닌
수입인데 한우 갈비탕 사가도
사 오지 말라는 분이신데

재구매해서 친정으로 보내려고하는데 자꾸 에러 메세지가 
뜨네요  다시 시도해 보구
안 되면 제가 구매해 사 가져다
드려야겠어요 

팁 드리자면 전복 낙지 문어
추가 구매해서 해 신 탕처럼
드셔도 너무 좋아요 

고기도 넉넉히 들어 있어서 성인 
두 분이 드셔도 알맞은 양이고 
전 당면 넣어 줬어요 "
5103519,송탄식 부대찌개,2022-01-13,48,"워킹맘입니다
평소 이런 거 잘 시켜 먹지 않고 퇴근해서 시간이 늦어도 가급적 해 먹는 타입인데 오랜만에 마켓 들어왔다 발견한 밀 키트 금액도 괜찮고해서 반신반의하며 2개 주문해 놨었죠

퇴근길 오늘은 무얼 해 먹어야하나 고민하다 생각난 부찌 오예 하며 설명서 봤는데 진심 간편 내가 할 거라곤 냉동된 부찌 냄비에 담아 500ml 정도 물만 추가하고 끓이다 맛있게 먹기만 하면 되네요 

그래도 아쉬우니 만두 3개와 조랭이 떡 쪼매 추가
비쥬얼 접수 이 정도면 만족
맛은 솔직하게 막 조리해서 먹는 부찌보다 딱 2 만 부족 아무래도 막 해서 먹는 게 신선할 테니
그 외는 맛 양 부족함이 없네요

끓이면서 먹다 보니 육수가 쫄아 가는데 이 때 물만 추가해서 먹어도 good
둘이 먹을 때 양이 아쉽다면 면 사리 추가요
신랑하고 한 끼 든든하게 먹었답니다

음식하기 귀찮을 때 음식 못 할 때 잘 해 먹지 않을 때 특히 캠핑 갈 때 등등 애용하기 너무 좋은 것 같아요
세상 편하네요 덕분에 잘 먹었습니당"
5049686,백암 순대국,2022-08-16,48,"리뷰를 보고 다들 평이 좋아 미자 언니네 백암 순대를 구입했습니다 

순대는 아바이 순대 병천 순대처럼 순대에 들어가는 재료 및 선지의 양에 따라 그 맛과 식감 등의 조금씩 다른 특징이 있죠 

백암 순대 역시 그 맛을 인정받아 꾸준히 사랑 받고 있는 순대로써  용인 근처를 지나가기라도 하면  일부러 백암 순대를 먹으러 순대국 집에 들르기도 했답니다 

미자 언니네 백암 순대는 모든 재료들이 국산이라고 해서  우선 마음이 놓이구 요 
봉지를 개봉하면 국물과 건데기 1 봉지 국물 속에서 불지 않도록 따로 포장한 순대 1 봉지 등 총 2 봉지로 구성되어 있습니다 

특별한 조리 방법이 필요 없이 냄비에 담아 팔팔 끓여 먹기만하면 되는데 

마침 집에 들깨 가루가 떨어져  다대기만 만들어 새우젓으로 간을 해 먹었는데도  잡내 없이 구수하고 진한 국물 맛이 일품이었고 

돼지 머릿고기 오소리 감투 및 염통 등이 양과 질적인 면에서 순대 전문점에서 파는 맛과 전혀 손색이 없었습니다 

냉동실에 보관해 놓고 더위에 지칠 때 간단히 조리해 먹을 수 있어 항시 비축해 놓는 제품 중의 하나가 되었습니다"
1000165798,본갈비탕 (냉동),2023-04-08,48,"혼자 살아서 매번 국 끓여서 며칠 먹거나 그냥 버리게 되길래 팩으로 찾다가 사 봤어요
다른 실온 보관이나 국 제품들과는 다르게 건더기가 푸짐하다고 해서 사 봤는데 기대 이상이에요 
갈비뼈에 살이 가득 붙어 있더라구요 

사진 속 갈 빗살이 45개 정도 있어서 국만 끓여 먹어도 꽤나 든든해요 
레트로트 국 제품들은 국물만 있고 건더기 별로 없어서 사 먹기 아깝기도하고 했는데 이건 그렇지 않아서 좋아요

맛  국물 맛이 진짜 대박이에요  밖에서 사 먹는 맛 전혀 맹탕 맛 아니고 깊고 시원한 갈비탕 맛 쇠고기 뭇 국 맛 입니다 고기도 많고 부드럽고요 크게 단점은 아직 못 찾겠어요 
저는 배추가 많이 남아서 배추 추가해 먹었는데 야채 추가해서 먹으면 진짜 식당에서 먹는 거처럼 푸짐해져요 

저는 배추 때문에 냄비에 끓여 먹었는데 전자렌지에 돌려 먹어도 돼서 간편하고 과대 포장이 아니라서 냉동고에 쟁여 두기 좋네요 
몇 개 더 주문해 놔야겠어요"
1000370851,왕갈비탕 1KG,2024-01-27,44,"소반 옥 사골 떡만 둣 국을 아이들이 잘 먹었는데
왕 갈비탕도 있어서 바로 시켜 보았어요

사진 보고 일단 왕 갈비 2대 들어 들어 있겠구나 했는데
왠걸요 ㅋ 3대 들어 있어서 저는 로또 맞았습니당 

완전해 동하지 않고 반해 동하고 내용물 꺼내 보면 파우치 안에 지방이 붙어 있어요
저는 아이들 줄 때는 다른 제품도 항상 지방을 걷어 내기 위해 반해 동하고 있어요 ㅎ
tip입니당
그동안 구매했던 제품들에 비해 확실히 지방이 적네요
국물이 상당히 담백하고 저 자극이에요

뜨거운 불에 팔팔 끓이다가 끓어오르면 중 약불에서 충분히 끓이면
뼈에서 고기가 쏙 빠져욥
오래 끓이면 짜질 수 있으니 저희는 처음부터 물 100ml 정도 추가했네요

집 반찬 꺼내 놓고 먹으면 3 인까지 가능하구요
갈비탕만 드시는 거면 2 인 먹기 좋은 양이에요"
5119615,금돼지식당 김치찌개,2023-03-07,44,"돼지고기 김치찌개가 생각 나는 날이어서 끓여 보았어요  
워낙 유명한 금 돼지 식당 김치찌개를 컬리덕에 맛보게 되네요 
푹 익음 김치와 고기 그리고 두부까지 1 인분으로는 매우 적합한데 
저는 2 인분을 준비하게 되어서 
그 자체로는 생각보다 양이 아쉬워서 추가 재료를 조금 첨부하였어요  

우선  
냄비에 금 돼지 식당 김치찌개를 개봉해서 넣었어요  맛보았는데 깔끔하게 얼큰한 맛이었어요  

추가로 집에 있던 깍두기와 김치 국물을 넣고 함께 끓였고 
물을 200ml 정도 더 넣었어요  

그리고
이 전에 컬리에서 사 두었던 돼지고기 목살과 두부를 함께 넣고 푹 끓였지요  

역시 베이스로 한 금 돼지 식당 김치찌개가 맛있어서 마무리도 맛있더라구요  

고춧가루 한 스푼
고기가 들어갔으니 미림 한 스푼 
연두해요  연두 한 스푼 
설탕 한 스푼해서 

푹 끓인 돼지고기 김치찌개가 완성되었고 
첫 숟갈부터 끝까지 엄청 맛있다를 말하면서 식사를 마쳤네요  

저처럼 기존 김치찌개를 살리면서 추가 재료만 해서 맛있는 식사 하세요  "
1000071857,양지설렁탕 (냉동),2022-11-05,44,"지난주에 구매하고 토요일 아침에 한 봉지 뜯어서 아이 둘한테 밥 말아서 줬어요 두 그릇 떠 주고 냄비에 13 정도 남은 거 보면 어른은 둘이서 먹으면 딱 좋겠네요

냉동실에 국은 항상 쟁여 두고 먹는 편이라 뽀얀 설렁탕은 보통 워커힐이나 벽제 갈비 꺼 사 먹는 편인데 비비고 제품이 고기가 부드러워서 재구매 의사 있어요

국물이 진짜 진하고 짠 맛이 덜해서 애들 주기 좋고 고기가 부드러운 게 제일 마음에 드네요 둘째가 고기가 질기면 바로 뱉어 버리거나 안 삼키고 계속 입에 물고 있어서

설렁탕은 고기 양도 많고 설렁탕 전문점에서 사 먹는 느낌이라 좋은데 같이 구매한 양지 곰탕도 먹어 봐야겠어요"
5048746,청국장,2023-11-19,44,"너어무 너무 진하고 맛있어요
청국장 감별사입니다 왜냐하면 제가 청국장 러버거든요 시골 맛집 가면 청국장 먹을 지 비지 먹을지 좀 고민하지만 아무튼 컬리에서 비지는 좀 사 먹어 봤는데 청국장은 사 먹을 생각을 못하다 세 일에 떠서 샀던 것 같은데요

결론  두 개 사서 잘했다 입니다
컬리두부 반모만 더 넣어서 온 리 끓이기만했어요
그런데 정말 진하고 맛있어요

시골에서 청국장 따로 공수해 와 그 진한 청국장에 길들여진 입맛인데 이건 정말 만족했어요 어무니께서는 그래도 다르다고 하려나 모르겠으나 ㅎ 제 입에는 아니 무조건 무조건 재 구매할 거에요"
5026469,꼬리곰탕,2020-03-12,44,"친구 강추로 구매한 사미 헌 꼬리 곰탕
그래도 집에서 먹는 것인데 외식 느낌이 나겠어 하면서 장바구니에 넣었다는 
근데 이게 웬일인가요
오픈했는데 뼈가 뼈가 꼬리 뼈가 큼직한 게 4개 정도 들어 있고 기다라 큰 뼈에 살도 잘 붙어 있어서
설레이면서 끓여 먹었답니다 

더 맛있게 먹으려고 중간에 파도 넣고 간도 보았는데 아주 살짝 심심할 수도 있겠다 싶어 소금도 한 꼬집 넣어 줬어요
간이 대박

뜨끈하게 먹으려면 그릇에  국물을 옮기고 다시 냄비에 그 국을 옮겨 한두 번 정도 반복합니다 그러면
국그릇이 따뜻해져서 식사 중에 국이 잘 식지 않아요 엄마 비법인데 공유해요

이렇게 맛있는 사미 헌 꼬리 곰탕을 추천해 준 친구에게도 감사 사미헌에게도 감사
저녁에 이거 먹어야겠다 하는 날에는
낮에 마음이 한결 가벼워요 꼬리 곰탕이랑 김치만 꺼내면 되니깐 시간적 마음적 이 여유로움이란
세일할 때 쟁여 놓을 거에요

잘 먹었어요 컬리도 고마워요"
5055823,진한 갈비탕,2023-08-15,44,"유튜브에서 한 끼 사 줍쇼 며느리 전 편 보고 뚝심 진한 갈비탕 50 쿠폰 받아서 첫 구매했어요
마켓컬리에서 다른 타 제품들로 갈비탕 사 먹어 봤는데 뚝심 제품은 처음이네요 
저는 배송 온 날에 바로 자연해 동해서 먹어 봤는데 사 먹었던 갈비탕 중에서 밖에서 사 먹는 갈비탕처럼 제 입맛에 제일 잘 맞았어요
원래 사미 갈비탕을 좋아하는데 어느 날부턴가 국물 맛이 살짝 한약 맛으로 좀 더 진해져서 살짝 아쉬웠는데 이 제품은 그런 맛이 안 나서 좋더라구요
그리고 제가 갈비탕에 당면 넣어 먹는 걸 너무 좋아해서  1인분보단 좀 많이 넣는 편인데 대부분 당면을 넣으면 싱거워져서 소금 간을 좀 더 했어야한 편이였는데 뚝심 진한 갈비탕은 원래 좀 간이 있는 편인지 소금 추가 안 해도 간이 잘 맞더라구요 
그리고 국물 맛도 이름대로 진해서 당면에도 국물 맛이 잘 배여 아주 좋았답니다
입맛에 맞게 좀 싱겁게 드시는 분들은 물을 넣어 간 맞추시면 될 것 같아요 _
그리고 고기가 썰려 있는 건 부드럽고 갈비 고기는 탱글 쫀득해서 질기지 않고 쏙 빠지고 냄새도 안 났어요
저는 배 터지게 혼자 먹었지만 국물도 진하고 국물 고기 양도 넉넉해서 2인분으로 나눠 먹기도 좋습니다
그냥 그대로 드셔도 맛나지만 저처럼 당면 파 후추 조금 넣고 드시면 더 맛있게 드실 수 있어요 
집에서 보양식으로 갈비탕 너무 간편하게 챙겨 먹어서 좋았습니다
저는 뚝심 진한 갈비탕 재구매 의사 완전 있어요"
5045208,우거지 감자탕,2020-03-01,44,"안원 당을 컬리 통해서 알게 되었는데
구매하는 품목 다 만족했었어요

그래서 이번에 안원 당 우거지 감자탕도 
컬리 믿고 구매해 보았어요
역시 믿음을 실망시키지 않네요

넉넉한 일 인분 양이예요
동네 감자탕 집에서 뼈 해장국 하나 포장하면 주는 정도

냉동으로 되어 있어서 
저장 보관이 편해서 비상용으로 구비해 두기 참 좋아요

감자탕 뼈에 살도 실하고
순대도 일반 순대가 아 나라 토종 순대 같아 넘 맛있네요

그냥 감자탕으로 먹어도 맛있지만
수제비 떠서 넣어 먹었더니 특식이네요

만드는 법은 간단하답니다

1 안원 당 우거지 감자탕을 해동한다
2 밀가루 170g 애호박 140g 을 다지기에 넣고 수제비를 반죽을 만든다
   완제품 감자 수제비를 사용해도 좋다
3 해동한 감자탕에 물을 100ml 추가해 준다
4 수제비를 넣고 한 소꿈 끓여 준 다
칼칼한 맛을 좋아하면 청양고추를 추가해 주세요

한 끼 별미로 손색 없는 따뜻한 식사였네요
둘이사 배 터지게 먹었어요
또 구매할께요"
1000128433,갈비탕 730g,2023-12-06,44,"조선호텔이라는 이름을 걸고 판매되는 갈비탕입니다 특이하게 대파가 듬뿍 많이 크게 들어가 있어서 야채를 좋아하시는 분들에게 상당히 매력적인 제풍입니다 솔직히 갈비탕의 최고로 중요한 포인트는 고기와 국물입니다 

직접 맛을 본 후기
고기의 품질도 나쁘지 않고 국물 맛이 좋은 것이 특징입니다 
한 끼 식사로 괜찮은 갈비탕은 항상 맛을 보면서 느끼는 것이지만 국물이 심심하다는 것이 단점입니다 국물에 말아서 밥을 먹어도 좋지만 좀 더 얼큰하고 좋았으면합니다 정해진 양 속에서 적당한 맛과 품질을 유지하기 위해 노력한 흔적이 있습니다 추천합니다"
5097307,대파 육개장,2022-06-20,44,"냉동 육개장 여러 브랜드 먹어 봤는데 
진심으로 역대 급으로 맛있게 먹었어요 

대파가 큼직한데도 전혀 거부감 없고
고기도 큼직큼직하니 너무 맛있더라고요
건더기 양도 제법 많이 들어 있어요
참고로 큼직한 건더기 때문에 아이들은 건더기를 잘 
안 먹으려고 하더라고요
국물은 정말 엄지 척 하며 잘 먹어요
건더기를 가위로 잘라 주는 방법도 있고
건더기 대신에 만두나 당면 등을 추가해서 끓여도 좋을 것
같습니다

육개장 데울 때 왕 만두 넣어서 보글보글 끓여 
같이 먹으니 너무나 든든하고 맛나요
마지막에 계란 물 풀어서 넣어 드시면 
왠만 한 육개장 전문점보다 훨씬 맛있게 드실 수 있어요
국물도 사골 국물 베이스인지 엄청 진하고 고소해요

냉동식품이라 유통 기한 걱정 없이 보관했다가
언제든 꺼내 먹어도 되니 편리합니다

캠핑 장이나 펜션 리조트 등에 갈 때 끓여 먹어도 
훌륭할 듯 합니다

자주 구입할 것 같습니다"
5070616,더진한 부대찌개,2022-10-23,40,"부대찌개 좋아하는데 배달이나 포장으로 먹으면 양이 많아서 혼자 먹을 때 먹고 싶어도 못 먹게 되더라고요 
그러다가 마켓컬리에서 후기도 괜찮고 양도 적당해 보여서 주문해 봤는데 딱 1인분으로 먹기 좋은 양이라 혼밥 메뉴로 좋았어요
직접 가열하거나 중탕으로도 가능해서 캠핑이나 여행 갈 때 아이스팩 대신 넣어 가도 괜찮을 것 같아요
조리법이랄 것도 없이 해동해서 바로 끓이면 되는데요 
저는 좀 싱겁게 먹는 편이라 물을 조금 더 넣고 냉장고에 두부가 있어서 더 넣어 줬어요 
그리고 부대찌개에 라면 사리 빠지면 섭섭하잖아요
라면 사리 반 개도 넣었더니 엄청 푸짐해졌어요
라면이나 두부를 더 넣어서 먹으면 두 번에 나눠서 먹고 다른 거 안 넣으면 한 번에 먹을 수 있는 양이에요
햄 김치 팽이버섯 대파 등 생각보다 푸짐하게 들어가 있고 햄이 너무 흐물거리면 맛이 없는 데 식감 좋은 햄도 듬뿍 들어가 있어서 밥이랑 맛있게 먹었어요

진한 한우 사골 육수로 국물 맛이 진하고 깔끔해서 요즘 할인하면 자주 구입하고 있어요
햄도 양 대비 푸짐하게 들어가 있고 국물도 진해서 밥 한 그릇 뚝딱입니다 혼밥 메뉴로 강추예요"
1000047929,김치 우동 어묵 전골 (리뉴얼),2023-11-05,40,"진짜 사고 싶었던 삼진 어묵 김치 어묵 전골입니다 
컬리에서 일일 특가로 완전 득템했어요

구성은 어묵 우동 면 사리 볶음 김치 소스까지 이렇게 4가지 입니다
어 묵에 볶음 김치 소스 물 700ml 넣고 끓이다가 우동 면 넣어 끓여 주면 되는데요
너무너무 맛있고 근사한 한 끼를 완전 간편하게 즐길 수 있었어요

일단 삼진 어묵은 맛 보장 어묵이잖아요
오동동하고 큼지막한 어묵이 7개나 들어 있었는데요
둥글고 오 통통한 어묵이 정말 탱글탱글 쫄깃쫄깃해서 씹는 맛이 너무 좋았구요
납작한 사각 어묵은 부드러운 편이어서 아이들이 먹기에도 좋았어요

우 동면 사리도 사누끼 우동 사리라 진짜 쫄깃쫄깃 했구요 
익는 거는 금방인데 빨리 불지 않아서 좋았습니다

무엇보다 볶음 김치가 어묵 소스와 조화가 정말 좋았는데요 따로 육수를 낸 것도 아닌데 어묵 국물이 얼큰하고 맵지는 않은 편입니다 딱 칼칼하게 좋은 국물 감칠맛이 너무 좋아서 자꾸 마시고 싶어진달까요 
국물 한 점 남김 없이 완 우동했지용
잘게 썰려진 볶음 김치와 어묵과 우동이 한 입에 들어가면 입 안에서  겨울의 추위를 이기게해 줄 맛이 느껴지는 것 같았어요
겨울 냉동실 필수 쟁여템이랄까요

요즘 캠핑 많이들 가시는데 요거 한 봉지 챙겨 가시면 간편하게 맛있게 즐길 수 있을 것 같아요

진짜 아주 아주 맛이 좋습니다"
5133941,삼계탕 900g,2024-04-18,40,"요즘 삼계탕 가격이 기본 삼계탕 한 그릇이 17000원 합니다 구내염이 심하지만 성장기이기 때문에 많이 먹어야하는 아들을 위해 고심하지만 요리하기 까다롭습니다 그래서 본인 입맛에 맞는 음식을 찾아 주로 먹이는 편 입니다 삼계탕은 잘 먹기에 맛집 삼계탕을 사 와 먹였더니 더 없냐 그러더라구요 하지만  매번 사 먹기 부담 되서 만들어 먹자니 똥 송이기 때문에 파는 맛이 안 나더라구요 그래서 타협점을 찾은 게 컬리 입니다
 
조선호텔 삼계탕은 깔끔한 맛이 납니다 조선호텔 음식은 정갈하고 깔끔한 대 이 제품도 그렇게 생각하시면 될 거 같아요

저희 집 앞 맛집 삼계탕은 아주 깊은 맛이 나서 레시피를 찾아 첨가해 보기로 했습니다
잣찹살들깨 가루를 한 큰술씩 넣고 국물을 추가해서 다 함께 갈아 기존 삼계탕에 첨가해 먹으니 기존 삼계탕도 맛있지만 감칠맛이 살아납니다
바로 식당에서 파는 그 맛이였어요

주부 10년 차지만 요리 잘 알 못이라 매번 찾아 보며 근근히 끼니를 때우고 있는 대 이렇게 감칠맛 내는 베이스를 넣어 주니 요리 고수 느낌이 납니다"
5144534,미소 된장국 (5개입),2023-06-02,40,"여행 갈 때 챙겨 가려고 간편 된장국 주문했어요 컬리에서 파는 것 중 어느 게 맛있나 하나씩 다 주문해서 맛 보고 있습니다
인스턴트 동결 건조 된장국인데 
국내산 얼 갈이 배추와 팽이버섯이 들어 간다 하고
된장도 433 이라고 전면에 적혀 있는 걸 보니 품질에 자신 있나 보다 싶어 좋았어요

봉지 뜯어서 그릇에 넣으니 깔끔하게 큐브 한 덩이가 나와요 설명서대로 뜨거운 물 170ml 붓고 2분 기다리니 덩어리가 잘 풀어집니다

건더기가 실한 한국식 미소 된장국 맛이에요
미역 배추 버섯이 호로록 부드럽게 넘어가고 국이라 짭짤하지만 크게 짜지 않아요 물 조절은 기호에 맞게하면 되겠어요
이거 진짜 맛있네요 
남편도 건더기 넉넉하고 인스턴트지만 맛이 자연스러워서 맛있고 좋다고 오오 했어요
요즘 즉석 국 잘 나오네요  재주문할께요"
5133941,삼계탕 900g,2023-07-08,40,"말모말모 
조선호텔 푸드는 늘 만족도가 높은데 삼계탕은 처음이에요
닭은 후라이드 치킨으로만
먹는 사람인데 끓이자 마자
먹어 보고 싶더라구요
푹 끓였는데도 물 육수 첨가 필요 없이 알맞아서 좋았고
깔끔한 닭이 찹쌀 인삼 품고
냄새도 너무너무 좋고 손대자마자 살살살 풀어집니다
첨에 보여 주니 레토르트 싫다고 무관심하던 남편 너무 맛있게 국물까지 싹 비우더라구요
뼈 바르기가 매우 수월한데 부드럽게 푹 끓여져 있고 예쁜 영계라 뼈가 잘 잘 합니다
아 가나 아이들 먹을 땐 젓가락으로 톡톡 톡 확인 잘해서 걸러 내고 먹이면 정말 정말 좋아할 거에요 둥구나 무 오미자 생채 곁들이면 최고입니다"
5114853,순살 감자탕,2022-03-23,40,"1 맛있다

HMR 제품이 성공하기 위해서 가장 중요한 것은 맛이라고 생각합니다
남다른 감자탕의 HMR 순 살 감자탕은 매장에서 먹을 때의 맛을 95정도 구현했습니다
5가 차이가 있는데 매장에서 먹는 것보다 조금 더 맵다는 것
그치만 오히려 좋아
살짝 매콤한 게 자칫 느끼할 수 있는 돼지의 맛을 잡아 주는 깔끔한 맛이었습니다

82032 편리하다

보통 감자탕을 먹으려면 뼈도 발라 내야하고 뒷정리도 할 거 많고 먹다가 흘리고 그냥 난리가 납니다
근데 순 살 감자탕으로 먹으니깐 뼈를 발라낼 필요도 없고 손도 깨끗하고 먹다가 흘릴 일도 없고 
이런 귀찮고 불편한 과정이 없으니 순 살 감자탕 그 자체에 더 집중할 수 있게 되는 것 같습니다

3 어디서든 즐길 수 있다

사실 남다른 감자탕의 순 살 감자탕 메뉴는 전 매장에서 판매하는 메뉴가 아닙니다
특정 매장에서만 판매하고 있다 보니 아무래도 인력 문제가 크죠 타 지역에 사는 고객 분들은 
순 살 감자탕의 존재를 알고 있지만 경험해 보지 못하는 경우가 생깁니다
하지만 순 살 감자탕이 HMR로 출시되면서 그 곳이 어디던 간에 순 살 감자탕을 먹을 수 있게 됐습니다

진짜 안 먹어 본 사람은 있어도 한 번만 먹어 본 사람은 없을 그런 맛입니다
재구매 하러 가야지 "
5058975,진한 소고기 곱창전골,2022-11-25,40,"찐이예요 밀 키트 같은 느낌으로 맛있는 소고기 곱창 전골 찾으신다면 이거 마음에 드실 거예요 감자탕 느낌의 국물이 구 야채도 고기도 다양하게 가득 있어서 좋아요 
요리 잘 못하는 사람들도 맛있게 한 끼 뚝딱 할 수 있는 제품이예요
더욱 맛있게 먹는 팁
1 냉동된 제품이기 때문에 반나절 냉장 실에 넣어 주고 먹기 전 30분 꺼내서 물에 담궈 두면 완벽하게 해 동
2 뚝배기에 다 부어 주고 이 때 파 두부 깻잎 넣어 주면 더욱 찐입니다
3 팔팔 끓여 주면 제대로 된 소고기 곱창 전골 완성
너무 너무 쉬워서 방법을 설명하기 민망하지만 찐으로 너무 맛있어서 소개해 봅니다 모두 맛있게 맛보시기를 바라는 마음으로 후기 적어 보아요
짜지 않아서 딱 좋아요"
5035901,돼지 김치찌개,2022-11-25,40,"찬바람이 부니 요즘은 얼큰한 국물 요리가 그렇게 땡기더라구요
그치만 요리 해서 먹긴 귀찮고 그렇다고 무거운 몸을 일으켜 찌개 집까지 가서 사 먹긴 싫고
그러다 저 대신 맛 난 찌개 요리를 문 앞에 놔줄 컬리가 떠올라 검색하다가 발견했어요
사진으로만 봐도 느껴지는 묵은지의 새콤함과 감칠맛에 침이 고여 얼른 주문했고요

결론부터 말하면 별 다섯 개 
넘 만족스러워서 이렇게 후기도 써 봅니당

조리법은 냄비 조리 4분 or 전자 레인지 조리 5분 두 가지가 있어요
저는 부재료를 더 넣어서 조리 해 먹으려고 냄비 조리로 pick

냉동 상태의 오모가리 김치찌개를 냄비에 넣고 팔팔 끓이고요
두부 팽이버섯 짜투리 돼지고기를 더 넣었어요
마지막에 송송 썬 대파까지 투척

오모가리 특유의 새콤함과 깊은 맛이 살아 있는 칼칼한 국물이 넘 맛나요
안에 들어 있는 고기도 잡내 전혀 없이 부드러웠구요

사실 김치찌개가 단순한 듯 하지만 국물 맛 내기 어렵잖아요
이 오모가리 김치찌개를 베이스로 끓이면 아주 맛나고 푸짐하게 먹을 수 있어요
라면 사리까지 넣어서 따끈한 밥에 쓱쓱 비벼 먹으면 아주 최고예요

후기 쓰는데 또 먹고 싶네요
재구매하러 갑니다 꼭 드셔 보세요 후회 없으실 거에요"
5011633,어린이 한우 사골 곰국,2023-04-07,40,"우리 아이 일 주일에 두 번은 먹는 국이에요 
소분되어 있어서 한 번 혹은 두 번 먹을 양 딱 ㅋ
어른처럼 소면 좋아하는 아이는 삶아서 넣어 먹으면 곰국 국수  
잡내 일도 없이
깨끗한 맛이 어서 저희 아이는 두 살 때부터 다섯 살 때까지 쭉 먹네요  질리지 않는 듯  
강추 날립니다 괜히 베스트가 아니에요  "
5034225,명월관 갈비탕,2023-09-21,40,"저희 아빠 엄마가 추석 다가오면 바빠서 밥 해서 먹을 시간조차 없어서 밀 키트 여러 개 시켜 보내 드렸습니다
밀키트 가끔 시켜 먹었었는데 이건 처음시켜 봤어요

아빠 입맛 까다로 와서 먹고 나서도 하나씩 트집 잡는 데 

밀키트 중에 진짜 맛있다고 한 건 이 제품이 처음이에요 ㄷ ㄷ ㄷ
아빠가 더 시켜 달라고 해서 처음 2개 시킨거 엄마 아빠 나눠 드시고 드신 당일 6개나 더 시켜 드렸어요 

고기도 실하고 맛있다고 비싼 만큼 그 값 한다며 돈 안 아까운 맛이라고 했습니다

아 쉬운 점은 양이 하나 당 15인분 정도 같다고 두 개 조리하면 3인분 정도라며 1 인분이나 2 인분으로 양 조절이 됐으면 싶다 하시더라구요 

이 것 말고는 아쉬운 점 하나 없이 칭찬이 자자하셨어요

까다로운 우리 아빠 입맛 저격한 제품입니닷"
5001235,한우 양곰탕,2022-09-29,40,"제가 양 곰탕 자체를 먹어 본 적이 없는 데 마켓컬에서 팔기에 궁금해서 구매해 봤어요 뭔가 곰탕하면 저는 하얀 국물을 생각했는데 빨간 국물이라서 얼큰하게 먹을 수 있겠다 싶어서 좀 기대를 했어요

조리 방법도 간단해요
해동을 시킨 후에 끓이면 끝이에요 그리고 각자 취향에 맞게
야채를 넣으면 더 맛있다고 하더라구요 그리고 계란도 넣어
취향에 맞게 익혀 먹으면 되는데 저는 귀찮아서 그냥 양 곰탕만 해 동해서 끓였는데 더 맛있게 드실 분은 꼭 추가해 드시길 바랍니다 그냥 먹어도 맛있긴해요

그리고 양이랑 고기 부분이 질길 줄 알았는데 하나도 안 질기고 부드러워서 좋았어요 그리고 그 자체로도 맛있어서 얼큰하게 잘 먹었어요 그래서 쌀쌀한 요즘 날씨와도 잘 어울리고 맛있어서 추천합니다"
1000047929,김치 우동 어묵 전골 (리뉴얼),2023-06-19,39,"저의 구매 목적은 뚜벅 이 여행을 위해 짐이 많으면 안 되니
제일 간편하게 가져갈 수 있는 걸 선택했습니다

재구매 의사 

맛 
진짜 밀 키트 중에 역대 급 맛있습니다
김치는 딱 신 맛 단 맛 적당했습니다
그리고 무엇보다 어묵 면에 진짜 간이 잘 베어요
저는 요리도 못 하거든요 그래서 다 때려 넣는데
막 넣어도 식당에서 먹는 맛이 된다고요
진짜 꼭 드셔 보세요 맵기도 적당하고 
비 오는 날 특히 더 생각나는 칼칼한 전골이었습니다
향도 조미료 맛 절대 NO 김치가 너무 간이 잘 되어 있어서
국물이 끝내줍니다 내 돈 내 산이니 꼭 드셔 보세요

양 

양은 2인분이라고 적혀 있었지만
대식가인 저로서는 살짝 아쉬웠어요
하지만 혼자 먹는다고 부족한 정도는 아니고 
엄청 배부른 1 인분이었습니다
하지만 소식가 분들은 양이 엄청 날 겁니다

재료 

진짜 이 가격 주고 큰 거 안 바라고
내 배만 채우면 된다는 생각이었는데
어묵 양도 엄청 많았고 특히 다양했어요
이것 저것 골라 먹을 수 있어서 넘 행복했습니다"
1000128433,갈비탕 730g,2023-02-03,39,"크고 두툼한 갈비 2대와 고기 3점 들었어요 개인적으로 갈비탕 좋아해서하지만 집에서 끓이긴 힘듦  워커힐 명월관 제품 자주 사 먹는데 갈비 자체는 조선 호텔 제품이 훨씬 실하네요

국물은 간 간하면서 맑습니다 끓이고 식혀 기름을 정성 들여 걷어 낸 듯 양 적은 여자 성인 기준으로는 두 번 먹을 분량 되어요 재구매 의사 있고 절반 남긴 건 당면 추가해서 먹으려고요 

잘 먹었습니다"
5103519,송탄식 부대찌개,2023-03-20,39,"좋네요 
밀키트 제품도 사실 간편하다지만 일일이 포장 뜯고 세척하고 하면 손이 가는 건 사실이죠 게다가 일 회용 포장도 넘쳐 죄책감도 들고요
일단 이 제품은 한 팩에 포장이 되어 있다는 게 신기하고 편리했어요

조리법은 
물 500ml에 냉동 상태의 제품을 뜯어 불에 올려 10분 정도 끓여 주면 됩니다 초 간단이죠 
하지만 그냥 먹기엔 약간 심심하더라구요

더 맛있데 먹기 위한 팁은
집에 있는 떡국 떡 한 줌과 베이크드 빈 두 숟갈 정도 콩나물 한 줌 대파 곁들여 넣어 주고 마지막으로 치즈 올려 끓이는 겁니다 

제일 중요한 건 
라면 사리라네요 ㅎ

편리하게 맛있는 한 끼 먹었습니다"
5119471,들깨 미역국,2023-11-15,36,"즉석 국 중 가장 맛있었던 국

아이 어른 할 것 없이 한 번에 해결할 수 있다 보니 
어린 아이 있는 집이라면 
집에 몸 푼 사람이라도 있는 듯 끓여 대는 미역국이
아닐까 싶네요
주구 장 창 밥을 해 대다 보면 눈 감고도 끓일 수 있는 국도
하기 싫을 때도 있고
남이 해 준 국 먹고 싶을 때도 있더라구요 

그럴 때면 후기 좋은 즉석 국 몇 번 주문해 봤지만 
강한 조미료 맛에 두 번은 주문 않하게 되더라구요 

항상 실패해 왔기에 고민 고민하다 
다른 분들 포토 리뷰 보니 꼭 친정엄마 표 멱 국 같아 주문

와
간 간한 간이며
보들보들하게 익은 정도의 미역이며
인심 좋게 퐉 풀은 들깨 가루며 
진짜 친정 엄마 다녀가신 맛입니다

간이 살짝 세다고 느끼실 분들도 있으실 듯한데
그러면 물 좀 넣음 될 듯 하구요 
인스턴트 국 느낌이 거의 안 나는 미역국이에요

한 팩으론 아이랑 저 둘이 먹기 좋은 양일 듯해서
신랑까지 2 팩으로 저녁 먹고 한 그릇 정도 남았네요 

멱 국은 많은 양 오래 끓여야 맛나거든요
1 인 2 인 가구들은 그냥 몇 팩 쟁여 두셨다가 
그때그때 한 끼씩 해결하시는 게 더 경제적이실 듯 합니다 

남은 마마리 오징어 국 먹어 보고 
추가 주문할 듯하네요"
1000128435,육개장 730g,2023-03-21,36,"육개장 밀 키트 이것저것 사 보았는데
국물이 있어야하는 신랑이
이 제품이 제일 맛있다고 하네요
조선호텔 제품이라서 그런가 
조선호텔 꺼라고 말하지 말 껄 그랬나 
양도 많고 7 천 원대에 700g이면
가성비 좋은 듯 한 육개장
경상도 소고기 국밥 향이 났어요 
무난하게 먹을 수 있는 밀 키트
그러나 고급 진 느낌입니다"
1000165798,본갈비탕 (냉동),2023-09-17,36,"스트레스 때문에 2주간 ㄱㅌ로 힘들어하고 있었어요
죽이 속 편하게해 줘서 좋다고는 하는데
유동식이라 그냥저냥 그런데
따뜻하고 속 따뜻한 국밥이 좋다길래 컬리 들어왔다가 할인하길래 주문했어요
주말에 먹으려고 생각하고 있다가 더 맛있게 먹으려고
평일보다 일찍 일어난 김에 냉장고에 있던 무로 석박지 만들어 놓고 밥솥에 취사 눌러 놓고 잤어요
자 고 일어나자마자 현기증 나서 냄비에 본 갈비탕 끓여서 바로 밥 차려 먹었어요
일찍 만들어 놓은 석박지에 김장 김치 챙겨서
참 소스 와사비 간장 곁들였어요
고기 찍어 먹기에 짱 좋으니 서브로 추천해요

2 인 먹을 수 있다는 후기 봤는데
국물 조금 남기고 혼자 다 먹었어요 ㅠ 심지어 밥도 추가
사진에는 고기 삼분의 이 정도 넣어 뒀어요 결국엔 다 먹었지만요 ㅠ
간이 되어져 있어서 따로 소금이나 후추 필요 없어요
대파나 쪽파 있음 조금 넣어 주시면 맛이 극대화됩니다
밥이랑 본 갈비탕만 있어도 맛있게 먹을 수 있는데
깍두기나 김치 있음 더 맛있어요 혼자 너무 맛나게 먹고 남은 국물에 현미 햇반 넣고 끓여 먹었어요
아쉬운 점 집에 당면이 있었다면 한 줌 불려서 넣고 먹었을 꺼에요
다음에 주문할 때는 당면도 함께 주문해서 야무지게 먹어 볼랍니다"
5045208,우거지 감자탕,2023-10-06,36,"감자탕 먹고 싶은데 나가기 힘들고 배달시키고 나서 분리 수거 등도 하기 귀찮은 분들께 강추요

먹기 하루 전날 냉장으로 옮겨서 해동시키고
드실 땐 해동된 상태로 냄비에 풍덩해
12분만 끓이면 되어서 너무 간편해요
개인적으론 좀 짭짤해서 생수 100ml 넣고서 끓였네요

가성비 아주 좋고
고기도 뜯는 맛 있어 좋고
국물도 맛있어요

양도 넉넉해서 남은 국물에 밥 비벼 먹으면 2 인용으로 딱 알맞아요

전 김이랑 치즈 얹어  볶음밥 해 먹으려고
남은 국물 냉장고에 넣어 놨어요

또 살게요"
5070615,소곱창전골,2023-03-13,36,"진실된 손맛  정말 맛집이네요
도가니탕에 스지가 잔뜩 들어 있어서 너무 마음에 들어서 소 곱창 전골도 
주문했는데 봉지를 냄비에 쏟으면서부터 우와 
곱창 양이 우루루루 쏟아지네요
국물은 매워요 그런데 맛있게 매워요
우리 집은 매운 것을 잘 못 먹어서  안 매운 소 곱창 전골도 있으면 정말 좋겠다는
생각이 들었어요
건더기를 다 건져 먹고 남은 국물에는 우거지를 넣고 또 끓였어요
매운 맛도 덜해지고 깊은 맛은 그대로 여서 한 봉지로 여러 번  먹었네요
맵지만 재주문할 거예요"
5133941,삼계탕 900g,2024-06-27,36,"맛 잇다는 후기에 기대하구 시커 봤는데 진짜 맛나네요  닭 누린내 안 나구욘 뷰드러워요

남편도 너무 맛나다고 하네요 파나 뭐 후추 따로 하나두 안 넣고 그대로 먹엇어요 양이 여자 혼자 먹기엔 많아요 저는 남기구 냠 편은 다 먹엇어요  

세일할 때 쟁여야겟어요 먹기 너무 편하구 싸고 맛나네요  외식 할 필요가 없음

괜히 조선호텔이 아니 네오 앞으로 조선호텔 냠냐 미들 도장 깨기 도젼 드셔 보세 용 ㅋ 밥 하기 귀찮을 때나 보양식 챙길 때 최고 "
5066066,고기왕만두,2021-02-02,36,"후기가 없어서 고민하시는 분들 진짜 맛있어요

줄 서서 먹던 황 생가 칼국수의 만 두
남편이 만두를 너무 좋아해서 웬만한 만두는 다양하게 먹어 봤는데
황 생가 만두 최고네요 
이제 이걸로 정착하려합니다
예전에 황 생가 칼국수에서 만두 자주 포장해 다가 먹었는데 그 맛이랑 똑같아요
그리고 보통의 냉동 만두는 간이 너무 쎈 경우가 있어서 먹고 나면 물을 계속 마시게 되는데
황 생가 만두는 간이 딱 적당하고 좋네요 

한 봉지에 만두 6 개가 들어 있는 데 세 개는 끓는 물에 세 개는 에어 프라이어에 조리해 먹었습니다 

끓는 물에 한 거는 너무 촉촉하고 딱 황 생가에서 먹던 맛이예요 얇은 만두피가 이렇게나 쫄깃하다니요 거기에 속이 꽉 차 있으니 만두피와 속이 어우러져 아주 감칠 맛이 납니다 

에어 프라이에 넣고 10분간 조리 한 만두는 세상에나 육즙이 전혀 빠져 나가지 않아서 입 안에서 육즙 한가득 
만두피의 바삭함과 육즙 가득 속이 맥주를 부르는 맛 아침 8시부터 맥주 한 캔 꺼내 올 뻔했네요 

아침에는 찜 만두나 만두국을 추천
저녘에는 맥주 한 잔과 함께하는 에어 프라이어에 돌린 군만두를 추천합니다 

저희 집 6살 입맛 까다로운 아들도 만두에 따라 먹고 안 먹는 거가 있는데 황 생가 만두는 맛있다고 더 달라고 하네요 

바쁜 아침 간단한 만두국
아이들 간식으로 찐 만두
술안주로 군만두 

완전 추천합니다 아 꼭 드세요 두 번 세 번 드세요"
5035901,돼지 김치찌개,2023-07-15,36,"오모가리 돼지 김치찌개 맛있단 얘기가 많아서 주문해 봤어요
냉동식품이라 보관도 편하고 해동 후 끓여 주기만하면 되는 음식이라 조리도 굉장히 편해요

저는 완전히 다 해동은 하지 못 했고 그냥 바로 냄비에 넣고 끓여 줬어요
일단 집에 있는 파를 더 넣고 끓여 줬는데 집에 양파 돼지고기 등 다른 재료 있으면 같이 넣고 끓이면 더 푸짐하고 맛있는 찌개가 될 거예요

라면을 좋아해서 라면 사리를 넣어서 돼지 김치 짜 글이 느낌으로 끓여 봤어요
국물이 맛있으니 면도 당연히 맛있었구요
김치도 푹 익어서 부드럽고 고기가 정말 많이 들어 있었어요
라면 사리와 공 깃 밥과 함께 먹으니 순식간에 다 먹었네요
가성비 있고 맛있는 식사였어요"
5097092,한우사골 양지곰탕,2023-08-01,36,밥 잘 안 챙겨 먹고 요리도 귀찮고 하기 힘든 스타일 이시라면 무조건 구매해 두세요 마켓 컬리 온갖 탕이란 탕은 사 보고 있는 데다 괜찬네요 이거는 파도 들고 고기도 많은 거 같고 먹을 만 해요  냉동 밥만 하나 데우면 한 끼 안 거를 수 있자 나요 조아요
5097092,한우사골 양지곰탕,2023-04-08,36,"한우 사골 양지 곰탕으로 
사골 떡 만두 칼국수 만들어 먹었어요  

국물이 진하고 고기랑 대파도 실하게 들어 있어서 다른 추가 재료 없이 밥만 있어도 먹었었어요

이번에는 연희동에 유명한 사골 칼국수 집 생각나서 만들어 보았어요  거기서는 줄 서고 기다려서 먹었는데 집에서 더 푸짐하게 한 그릇 먹었네요 

간단하게 사골 떡 만두 칼국수 만드는 법 
진 한 사골 국물을 해동시켜서 냄비에
넣고
냉동 만두 풀무원 만두 추천 떡국 떡 넣고
끓이다가 칼국수 면 감자 칼국수면 추천을 넣어요
푹 끓여서 면이 익으면 
계란을 풀어서 위에 뿌려 주고 
끓고 나면 먹어요  

이제는 컬리 주문할 때 쟁여 놓는 품목이 되었어요  냉동해 놓았다가 뜨뜻한 국물 생각나면 꺼내 먹기 좋은 거 같아요  "
1000088626,우거지 갈비탕,2024-06-19,33,"우거지 갈비탕이라고 해서 우거지 감자탕에 갈비가 빠져 있는 맛을 상상했습니다 제 품을 뜯었을 때도 국물이 꽤나 빨갛길래 예상 가능한 맛이라고 생각했는데

이게 왠걸 국물 한 입 먹어 보니 어라 소리가 바로 나옵니다  집에서 잘 끓여 낸 맑은 우거지 탕 같은 맛이예요 자극적인 맛 전혀 없이 담백한 맛의 국물이었습니다 오징어 젓갈과 먹으니 맛있었어요 평소에 짜게 먹는 편이 아니라 저는 오히려 맛있게 먹었는데 자극적인 국물을 원하셨다면 좀 싱거울 수 있을 것 같습니다 

갈빗대는 작은 뼈로 네 개 들어 있는데 아무래도 우거지가 함께 메인으로 들어가 그런 것 같네요 다른 사미헌 강비탕보다 고기가 조금 적은 느낌이지만 우거지가 참 맛있어 재구매 의사 있습니다"
1000620989,토종닭 백숙 삼계탕,2024-07-07,33,"날씨가 덥고 습하니까 기운도 없고 밥 차려 먹는 것도 힘들어서 끓이기만하면 되는 삼계탕을 주문했다 맛은 어떨지 몰라도 이상한 조미료가 들어 있지 않고 성분이 깔끔해서 선택한 이유가 크다

평양 옥 식당에선 삼계탕을 어떻게 내 주는지 찾아봤더니 부추랑 목이버섯이랑 마늘이 고명으로 있길래 똑같이 준비함 
해동시키고 닭 안에 있는 밥까지 뜨끈해야하므로 통마늘 살짝 빻은 거랑 목이버섯 넣고 바글바글 오래 끓임 국물이 졸아들었기 때문에 물 추가해서 간 맞추고 부추만 살짝 익혀 냄

맛 
맛 집에서 포장해 온 것 같은 맛 국물 깔끔하고 시원함 아주 은은하게 한약재의 향기가 느껴짐 이상한 조미료 맛 전혀 없음

속 재료 
마늘 대추 밤 은행 호박 씨 인삼이 큼지막하게 들어 있음

닭고기 
쫄깃쫄깃한 식감이 고 닭 크기도 절대 작지 않음 나는 반 마리밖에 못 먹었음  영양 정보 읽어 보니 반 마리에 단백질 30그램 들어 있음 근육 합성 충분히 됨

재구매 의사  
부모님한테도 보내 드려야겠단 생각이 들 정도였음 "
