product_id,product_url,product_name,review_num
1000498619,https://www.kurly.com/goods/1000498619,[한반] 양곰탕,101
1000356831,https://www.kurly.com/goods/1000356831,[호밍스] 얼큰곤이알탕 400g,102
1000498621,https://www.kurly.com/goods/1000498621,[한반] 내장탕,110
1000659319,https://www.kurly.com/goods/1000659319,[리북방] 이북식 백순대국,118
1000331934,https://www.kurly.com/goods/1000331934,[풀무원] 베트남 쌀국수 Pho 4인분,135
1000408458,https://www.kurly.com/goods/1000408458,[푸디버디] 한우 사골곰탕,136
1000340229,https://www.kurly.com/goods/1000340229,[비비고] 사골곰탕 500g*18개입,141
1000431402,https://www.kurly.com/goods/1000431402,[호텔컬렉션] 한우 육개장,143
1000431398,https://www.kurly.com/goods/1000431398,[호텔컬렉션 에센셜] 우차돌짬뽕탕,144
1000382034,https://www.kurly.com/goods/1000382034,[둥구나무] 짜글이찌개,145
1000408456,https://www.kurly.com/goods/1000408456,[푸디버디] 한우 배추 된장국,153
1000239338,https://www.kurly.com/goods/1000239338,[경복궁 BLACK] 사골육개장,160
1000538774,https://www.kurly.com/goods/1000538774,[호밍스] 녹두삼계탕 900g,163
1000205921,https://www.kurly.com/goods/1000205921,[호밍스] 삼계탕 800g,165
1000408452,https://www.kurly.com/goods/1000408452,[푸디버디] 한우 소고기 뭇국,181
1000381876,https://www.kurly.com/goods/1000381876,[하우스오브델리] 본토 마라탕 2종,188
1000382036,https://www.kurly.com/goods/1000382036,[둥구나무] 다래순나물,189
1000262049,https://www.kurly.com/goods/1000262049,[섬진강] 재첩국,197
1000231898,https://www.kurly.com/goods/1000231898,[본죽] 본 남도식 추어탕,198
1000408450,https://www.kurly.com/goods/1000408450,[푸디버디] 한우 소고기 미역국,203
1000605738,https://www.kurly.com/goods/1000605738,[소반옥] 듬뿍육개장 (2인분),203
1000411501,https://www.kurly.com/goods/1000411501,[구씨반가] 송이버섯 들깨탕,206
1000367308,https://www.kurly.com/goods/1000367308,[오발탄] 소곱창전골 1kg,214
1000166234,https://www.kurly.com/goods/1000166234,[진실된손맛] 인삼품은 소꼬리곰탕,215
1000605720,https://www.kurly.com/goods/1000605720,[이비가짬뽕] 짬뽕순두부찌개,218
1000431400,https://www.kurly.com/goods/1000431400,[호텔컬렉션] 한우 미역국,237
1000341457,https://www.kurly.com/goods/1000341457,[셰프노트] 맑은 순대국,239
1000239335,https://www.kurly.com/goods/1000239335,[경복궁 BLACK] 영양갈비탕,260
1000235788,https://www.kurly.com/goods/1000235788,[모두의맛집] 왕푸징 마라탕,265
1000431396,https://www.kurly.com/goods/1000431396,[호텔컬렉션 에센셜] 순두부찌개,266
1000176459,https://www.kurly.com/goods/1000176459,[외할머니댁X북촌] 고깃집 갈비살 된장찌개,299
1000128850,https://www.kurly.com/goods/1000128850,[명동옥] 맑은 설렁탕,316
1000450530,https://www.kurly.com/goods/1000450530,[외할머니댁] 우거지갈비탕 800g,340
1000218241,https://www.kurly.com/goods/1000218241,[김구원선생] 김치 순두부찌개,372
1000431404,https://www.kurly.com/goods/1000431404,[호텔컬렉션 에센셜] 우차돌마라탕,393
1000202745,https://www.kurly.com/goods/1000202745,[외할머니댁] 갈빗살 미역국,393
1000128834,https://www.kurly.com/goods/1000128834,[어나더테이블] 김치 돈까스 나베,397
1000423818,https://www.kurly.com/goods/1000423818,[미수식당] 고기듬뿍 돼지국밥,409
1000323323,https://www.kurly.com/goods/1000323323,[하림] The미식 국탕류 3종 (2개입) (택1),415
1000263556,https://www.kurly.com/goods/1000263556,[미식명가] 뼈없는 갈비탕,417
1000325147,https://www.kurly.com/goods/1000325147,[거대곰탕] 떡곰탕,435
5136026,https://www.kurly.com/goods/5136026,[올반] 영양삼계탕,449
1000220124,https://www.kurly.com/goods/1000220124,[엄마밥상] 대파 닭개장,449
1000043977,https://www.kurly.com/goods/1000043977,[욱이네] 수제 굴림만둣국 700g,454
5115297,https://www.kurly.com/goods/5115297,[미자언니네] 일품 한우 양지무국,455
1000260414,https://www.kurly.com/goods/1000260414,[비비고테이블] 고기순대국 (냉동),473
1000356920,https://www.kurly.com/goods/1000356920,[호밍스x능라도] 담백하고 깔끔한 평양식 만둣국,529
5077478,https://www.kurly.com/goods/5077478,[둥구나무 : 기운 나는] 초계탕,530
1000071851,https://www.kurly.com/goods/1000071851,[수린] 한우국수전골,530
1000260409,https://www.kurly.com/goods/1000260409,[비비고테이블] 양지육개장 (냉동),535
5116411,https://www.kurly.com/goods/5116411,[올쿡] 달래 된장찌개,537
1000323319,https://www.kurly.com/goods/1000323319,[하림] The미식 찌개 3종 (2개입) (택1),545
1000260405,https://www.kurly.com/goods/1000260405,[비비고테이블] 스팸부대찌개 (냉동),550
1000231896,https://www.kurly.com/goods/1000231896,[본죽] 본 뼈없는 갈비탕,567
1000218239,https://www.kurly.com/goods/1000218239,[김구원선생] 순두부 된장찌개,592
1000088935,https://www.kurly.com/goods/1000088935,[모노키친] 을지로 포차 골뱅이탕 KIT,602
1000313489,https://www.kurly.com/goods/1000313489,[미식명가] 양지살 곱창육개장,615
5095731,https://www.kurly.com/goods/5095731,[일상味소] 소고기 알꼬리 800g (냉동),650
5036885,https://www.kurly.com/goods/5036885,[미자언니네] 미역오이 냉국,665
1000175407,https://www.kurly.com/goods/1000175407,[한식 파인다이닝 가온] 육수 300g 4개입 3종 (택1),695
5083242,https://www.kurly.com/goods/5083242,[선물세트] 신선설농탕 고기 설렁탕 6입 세트,697
1000136406,https://www.kurly.com/goods/1000136406,[양수면옥] 한우 냉이 된장찌개,723
1000166176,https://www.kurly.com/goods/1000166176,[솔가원] 갈비탕,724
1000378706,https://www.kurly.com/goods/1000378706,[비비고] 사골곰탕 500g*10개입,728
1000157414,https://www.kurly.com/goods/1000157414,[중앙해장] 한우 양해장국,729
5068792,https://www.kurly.com/goods/5068792,[고삼농협] 착한들 한우사골곰탕 기획세트,749
5112152,https://www.kurly.com/goods/5112152,[욱이네] 소고기뭇국,754
5159795,https://www.kurly.com/goods/5159795,[서울콩비지] 콩비지탕,761
5042163,https://www.kurly.com/goods/5042163,[베베쿡] 바르게 만든 한우 미역국 (아이용),762
5074117,https://www.kurly.com/goods/5074117,[둥구나무 : 기운 나는] 미역오이냉국,766
1000272180,https://www.kurly.com/goods/1000272180,[외할머니댁] 갈비탕 1kg,780
1000043975,https://www.kurly.com/goods/1000043975,[욱이네] 맑은 소고기 해장국 650g,780
1000620989,https://www.kurly.com/goods/1000620989,[평양옥] 토종닭 백숙 삼계탕,780
5100778,https://www.kurly.com/goods/5100778,[설성목장] 우된장 한우 된장찌개,785
1000015143,https://www.kurly.com/goods/1000015143,[엄마밥상] 요리용 사골곰국 (2개입),787
1000047975,https://www.kurly.com/goods/1000047975,[프레시지] 톡톡 터지는 알탕,794
1000370851,https://www.kurly.com/goods/1000370851,[소반옥] 왕갈비탕 1KG,794
1000048446,https://www.kurly.com/goods/1000048446,[풀무원] 한알만능육수 2종 (코인육수/22정),795
5115298,https://www.kurly.com/goods/5115298,[미자언니네] 양구 시래기 된장국,799
5156992,https://www.kurly.com/goods/5156992,[설성목장] 얼큰 닭개장,827
1000165885,https://www.kurly.com/goods/1000165885,[피코크] 한옥집 김치찜,845
1000128842,https://www.kurly.com/goods/1000128842,[외할머니댁] 일산 털레기 수제비,856
1000315306,https://www.kurly.com/goods/1000315306,[마마리] 시래기 된장국,859
5115296,https://www.kurly.com/goods/5115296,[미자언니네] 일품 한우 양지미역국,862
1000285076,https://www.kurly.com/goods/1000285076,[마이셰프] 전주식 해장 콩나물국밥,880
1000306218,https://www.kurly.com/goods/1000306218,[사미헌] 얼큰 대파 갈비탕,914
1000017002,https://www.kurly.com/goods/1000017002,[이십사절기] 소갈비탕,940
5049682,https://www.kurly.com/goods/5049682,[미자언니네] 순살 꼬막 우렁된장찌개,1022
1000351391,https://www.kurly.com/goods/1000351391,[존쿡델리미트] 킬바사 부대찌개,1042
5068037,https://www.kurly.com/goods/5068037,[정미경키친의 봄] 냉이 된장찌개,1062
1000106177,https://www.kurly.com/goods/1000106177,[강남면옥] 고기 설렁탕,1072
5081516,https://www.kurly.com/goods/5081516,[하림] 삼계탕 900g (2개입),1090
1000260407,https://www.kurly.com/goods/1000260407,[비비고테이블] 순살감자탕 (냉동),1139
5114696,https://www.kurly.com/goods/5114696,[그리팅] 성산포바당 제주 몸국,1147
1000023238,https://www.kurly.com/goods/1000023238,[양수면옥] 한우탕,1155
5112151,https://www.kurly.com/goods/5112151,[욱이네] 차돌된장찌개,1155
5049680,https://www.kurly.com/goods/5049680,[미자언니네] 하얀 우리콩 비지찌개,1167
5082999,https://www.kurly.com/goods/5082999,[집국백서:가마솥 수제국] 청국장 찌개,1186
1000047949,https://www.kurly.com/goods/1000047949,[하루한킷] 김치 수제비 칼국수,1205
5072981,https://www.kurly.com/goods/5072981,[둥구나무 : 기운 나는] 한방 반계탕,1207
1000052923,https://www.kurly.com/goods/1000052923,[조선호텔] 한우 나주식 곰탕 600g,1209
1000047947,https://www.kurly.com/goods/1000047947,[하루한킷] 간편한 청국장찌개,1248
5100476,https://www.kurly.com/goods/5100476,[올쿡] 통영 굴국,1252
5114062,https://www.kurly.com/goods/5114062,[북창동 순두부] 소고기 순두부 찌개,1308
1000023236,https://www.kurly.com/goods/1000023236,[양수면옥] 한우 우리콩 비지찌개,1363
5069790,https://www.kurly.com/goods/5069790,[피코크] 이문 설렁탕,1394
5059007,https://www.kurly.com/goods/5059007,[바비엔] 동태탕,1400
5114695,https://www.kurly.com/goods/5114695,[그리팅] 성산포바당 제주 고사리 육개장,1401
5013198,https://www.kurly.com/goods/5013198,[설성목장] 한우 도가니탕,1416
1000128848,https://www.kurly.com/goods/1000128848,[진실된손맛] 남포동식 얼큰 돼지국밥,1471
5057668,https://www.kurly.com/goods/5057668,[선물세트] 경복궁 BLACK 도가니탕&고기곰탕 (4개입),1517
1000198908,https://www.kurly.com/goods/1000198908,[이바돔] 우거지 감자탕,1541
1000237311,https://www.kurly.com/goods/1000237311,[마마리] 나주식 한우 곰탕,1540
5123141,https://www.kurly.com/goods/5123141,[설성목장] 옛날 한우 육개장 500g,1562
1000347300,https://www.kurly.com/goods/1000347300,[소반옥] 사골 떡 만둣국 (2인분),1566
5125750,https://www.kurly.com/goods/5125750,[비비고] 소고기무국 500g,1652
5159353,https://www.kurly.com/goods/5159353,[진실된손맛] 전통 육개장(900g),1669
5131921,https://www.kurly.com/goods/5131921,[엄마밥상] 맑은곰탕,1688
5094273,https://www.kurly.com/goods/5094273,[소중한식사] 만두전골,1708
1000146369,https://www.kurly.com/goods/1000146369,[고래사] 빨간꼬치어묵&부산물떡,1726
5097093,https://www.kurly.com/goods/5097093,[진실된손맛] 우렁이 옛날 된장찌개,1745
5049762,https://www.kurly.com/goods/5049762,[바비엔] 꽃게 해물탕,1749
5071449,https://www.kurly.com/goods/5071449,[외할머니댁] 갈빗살육개장 (1인분),1765
5112148,https://www.kurly.com/goods/5112148,[욱이네] 남원골 추어탕,1772
5031266,https://www.kurly.com/goods/5031266,[정미경키친] 배추된장국,1820
5049679,https://www.kurly.com/goods/5049679,[미자언니네] 김치 우리콩 비지찌개,1887
5005071,https://www.kurly.com/goods/5005071,[자연에찬] 돼지고기 김치찌개,1967
5062297,https://www.kurly.com/goods/5062297,[노란상소갈비] 곱창 해장국,2002
5103533,https://www.kurly.com/goods/5103533,[근사한끼] 넉넉한 순대국,2060
5095132,https://www.kurly.com/goods/5095132,[프레시지] 고래사 매콤 어묵탕,2103
1000047951,https://www.kurly.com/goods/1000047951,[시골보쌈과 감자옹심이] 옹심이 들깨 수제비(2인분),2179
5044518,https://www.kurly.com/goods/5044518,[올쿡] 추어탕,2198
5119423,https://www.kurly.com/goods/5119423,[둥구나무] 시래기 된장국,2226
5055964,https://www.kurly.com/goods/5055964,[프레시메이드] 소고기 미역국,2263
5066024,https://www.kurly.com/goods/5066024,[둥구나무 : 자연그대로] 옛날청국장,2271
5047801,https://www.kurly.com/goods/5047801,[홍반장] 얼큰이 순대국,2273
5044657,https://www.kurly.com/goods/5044657,[워커힐] 온달 육개장,2297
5144535,https://www.kurly.com/goods/5144535,[예찬원] 사골 미역국 5개입 (블럭국),2303
1000128433,https://www.kurly.com/goods/1000128433,[조선호텔] 갈비탕 730g,2320
5114061,https://www.kurly.com/goods/5114061,[북창동 순두부] 해물 순두부 찌개,2348
5134147,https://www.kurly.com/goods/5134147,[설성목장] 한돈 갈비 김치찌개,2350
5043112,https://www.kurly.com/goods/5043112,[미자언니네] 황태곰탕,2404
1000237244,https://www.kurly.com/goods/1000237244,[마마리] 황태 곰탕,2443
5082998,https://www.kurly.com/goods/5082998,[집국백서:가마솥 수제국] 소고기무국,2527
5061780,https://www.kurly.com/goods/5061780,[엄마밥상] 사골 황태미역국,2578
1000239341,https://www.kurly.com/goods/1000239341,[설성목장x참이맛] 한돈감자탕,2607
5075636,https://www.kurly.com/goods/5075636,[55년 전통 종로 계림] 마늘 닭도리탕,2638
1000071857,https://www.kurly.com/goods/1000071857,[비비고테이블] 양지설렁탕 (냉동),2681
5125749,https://www.kurly.com/goods/5125749,[비비고] 차돌 된장찌개 460g,2737
1000071859,https://www.kurly.com/goods/1000071859,[비비고테이블] 양지곰탕 (냉동),2758
5083000,https://www.kurly.com/goods/5083000,[집국백서:가마솥 수제국] 추어탕,2794
5035810,https://www.kurly.com/goods/5035810,[앤쿡] 어린이 한우 맑은 나주 곰국,2832
5057898,https://www.kurly.com/goods/5057898,[프레시메이드] 소고기 무국,3073
5007376,https://www.kurly.com/goods/5007376,[삼진어묵] 캠핑 어묵탕 2종,3112
5159794,https://www.kurly.com/goods/5159794,[서울콩비지] 김치 콩비지찌개,3135
5055824,https://www.kurly.com/goods/5055824,[뚝심] 진한 소고기국밥,3189
5068908,https://www.kurly.com/goods/5068908,[신선설농탕] 고기 사골곰탕,3192
5116406,https://www.kurly.com/goods/5116406,[피코크] 우리집 순두부찌개,3235
5116407,https://www.kurly.com/goods/5116407,[피코크] 정갈한 소고기 미역국,3251
1000134525,https://www.kurly.com/goods/1000134525,[자연에찬] 황태해장국 700g,3305
5027026,https://www.kurly.com/goods/5027026,[진가네반찬] 우삼겹 강된장,3319
5030967,https://www.kurly.com/goods/5030967,[올쿡] 김치콩나물국,3350
5082997,https://www.kurly.com/goods/5082997,[집국백서:가마솥 수제국] 시래기된장국,3361
5030966,https://www.kurly.com/goods/5030966,[올쿡] 시금치된장국,3394
5103519,https://www.kurly.com/goods/5103519,[이모가있는집] 송탄식 부대찌개,3596
5029746,https://www.kurly.com/goods/5029746,[고삼농협] 착한들 한우 진한사골곰탕,3597
5049761,https://www.kurly.com/goods/5049761,[바비엔] 알탕,3632
5070193,https://www.kurly.com/goods/5070193,[LOTS OF LOVE] 한끼든든 편안한 소고기뭇국밥 (리뉴얼),3739
5105613,https://www.kurly.com/goods/5105613,[양수면옥] 한우 청국장찌개,3752
1000165798,https://www.kurly.com/goods/1000165798,[비비고테이블] 본갈비탕 (냉동),3911
5052664,https://www.kurly.com/goods/5052664,[더오담] 소 내장탕,3919
5112153,https://www.kurly.com/goods/5112153,[욱이네] 보리새우아욱국,3948
5144534,https://www.kurly.com/goods/5144534,[예찬원] 미소 된장국 5개입 (블럭국),4028
5112149,https://www.kurly.com/goods/5112149,[욱이네] 뼈없는 감자탕,4147
5152913,https://www.kurly.com/goods/5152913,[자연에찬] 근대 된장국 700g,4222
5152914,https://www.kurly.com/goods/5152914,[자연에찬] 시래기 된장국 700g,4370
1000023234,https://www.kurly.com/goods/1000023234,[양수면옥] 한우 소고기 미역국,4485
5116403,https://www.kurly.com/goods/5116403,[피코크] 차돌 짬뽕탕,4571
5064024,https://www.kurly.com/goods/5064024,[엄마밥상] 키즈 곰국 (5개입),4571
5095131,https://www.kurly.com/goods/5095131,[프레시지] 고래사 어묵탕,4627
1000134482,https://www.kurly.com/goods/1000134482,[자연에찬]건새우 아욱국 700g,4630
5037563,https://www.kurly.com/goods/5037563,[피코크] 소고기 들깨 미역국,4630
5070031,https://www.kurly.com/goods/5070031,[킨더가든] 우리아이 된장찌개,4676
5063932,https://www.kurly.com/goods/5063932,[사미헌] 고기듬뿍 아롱사태 곰탕,4681
5058975,https://www.kurly.com/goods/5058975,[뚝심] 진한 소고기 곱창전골,4687
1000085958,https://www.kurly.com/goods/1000085958,[청담미역] 가자미 미역국,4707
5152911,https://www.kurly.com/goods/5152911,[자연에찬] 소고기 미역국 700g,4811
5060056,https://www.kurly.com/goods/5060056,[KART] 들기름향 솔솔 고흥 미역국,4847
5132102,https://www.kurly.com/goods/5132102,[고래사] 프리미엄 어묵탕 360g 2종 (택1),4993
5062287,https://www.kurly.com/goods/5062287,[안원당] 특설렁탕,5018
5030630,https://www.kurly.com/goods/5030630,[소중한식사] 소고기 버섯 전골,5068
5095179,https://www.kurly.com/goods/5095179,[풀무원] 정통 순두부찌개 KIT,5411
5116408,https://www.kurly.com/goods/5116408,[피코크] 정갈한 소고기 무국,5740
5066066,https://www.kurly.com/goods/5066066,[황생가] 고기왕만두,5763
5037566,https://www.kurly.com/goods/5037566,[피코크] 차돌박이 된장찌개,5862
5062288,https://www.kurly.com/goods/5062288,[안원당] 도가니탕,6308
5048735,https://www.kurly.com/goods/5048735,[소중한식사] 구수한 근대된장국,6345
5066505,https://www.kurly.com/goods/5066505,[하루한킷] 소고기 된장찌개,6379
5034022,https://www.kurly.com/goods/5034022,[진가네반찬] 참치김치찌개,6414
5049685,https://www.kurly.com/goods/5049685,[미자언니네] 얼큰 순대국 (2인분),6530
5068968,https://www.kurly.com/goods/5068968,[워커힐] 곰탕,6661
5114853,https://www.kurly.com/goods/5114853,[남다른 감자탕] 순살 감자탕,6881
5070616,https://www.kurly.com/goods/5070616,[진실된손맛] 더진한 부대찌개 (리뉴얼),6907
5055823,https://www.kurly.com/goods/5055823,[뚝심] 진한 갈비탕,6959
5012851,https://www.kurly.com/goods/5012851,[정미경키친] 콩나물김칫국,7029
5048737,https://www.kurly.com/goods/5048737,[소중한식사] 깊은맛 소고기미역국,7083
5025668,https://www.kurly.com/goods/5025668,[정미경키친] 아욱된장국,7085
5106623,https://www.kurly.com/goods/5106623,[설성목장] 한우 곰탕 600g,7094
5095180,https://www.kurly.com/goods/5095180,[풀무원] 얼큰 순두부찌개 KIT,7099
5093931,https://www.kurly.com/goods/5093931,[갤러리아 고메이494] 한우 미역국,7200
5031817,https://www.kurly.com/goods/5031817,[돌쇠] 한우사골 고기곰탕,7380
5053980,https://www.kurly.com/goods/5053980,[경복궁 BLACK] 한우 사골 곰탕,7391
1000128435,https://www.kurly.com/goods/1000128435,[조선호텔] 육개장 730g,7597
5052865,https://www.kurly.com/goods/5052865,[엄마밥상] 사골 황태국,7603
5082996,https://www.kurly.com/goods/5082996,[집국백서:가마솥 수제국] 사골우거지국,7619
5128947,https://www.kurly.com/goods/5128947,[이화수] 프리미엄 전통육개장,7650
5053981,https://www.kurly.com/goods/5053981,[경복궁 BLACK] 한우 사골 고기 곰탕,7682
5037568,https://www.kurly.com/goods/5037568,[피코크] 진한 육개장,7945
5133941,https://www.kurly.com/goods/5133941,[조선호텔] 삼계탕 900g,8347
1000134480,https://www.kurly.com/goods/1000134480,[자연에찬] 비지찌개 700g,8489
5049304,https://www.kurly.com/goods/5049304,[프레시메이드] 설렁탕,8538
5031816,https://www.kurly.com/goods/5031816,[돌쇠] 한우사골 곰탕,8736
1000088626,https://www.kurly.com/goods/1000088626,[사미헌] 우거지 갈비탕,8750
5070615,https://www.kurly.com/goods/5070615,[진실된손맛] 소곱창전골,8786
5049686,https://www.kurly.com/goods/5049686,[미자언니네] 백암 순대국 (2인분),8816
5052864,https://www.kurly.com/goods/5052864,[외할머니댁] 차돌 청국장,9287
5116405,https://www.kurly.com/goods/5116405,[피코크] 쟌슨빌 부대찌개,9532
5026469,https://www.kurly.com/goods/5026469,[사미헌] 꼬리곰탕,9604
5097094,https://www.kurly.com/goods/5097094,[진실된손맛] 소고기 샤브탕,9657
5131413,https://www.kurly.com/goods/5131413,[진실된손맛] 맑은 나주식곰탕,10183
5119615,https://www.kurly.com/goods/5119615,[피코크] 금돼지식당 김치찌개,10341
5132868,https://www.kurly.com/goods/5132868,부산깡통시장 유부주머니,11423
1000047929,https://www.kurly.com/goods/1000047929,[삼진어묵] 김치 우동 어묵 전골 (리뉴얼),11701
5097092,https://www.kurly.com/goods/5097092,[진실된손맛] 한우사골 양지곰탕,12182
1000085968,https://www.kurly.com/goods/1000085968,[통뼈] 뼈해장국 900gX2개입,12195
5031054,https://www.kurly.com/goods/5031054,[홍반장] 토종 순대국,12438
5148360,https://www.kurly.com/goods/5148360,[삼진어묵] 딱한끼 어묵탕 2종,12935
5119471,https://www.kurly.com/goods/5119471,[마마리] 들깨 미역국,12956
5044756,https://www.kurly.com/goods/5044756,[외할머니댁] 갈빗살 육개장 (2인분),15840
5097307,https://www.kurly.com/goods/5097307,[엄마밥상] 대파 육개장,15844
5061723,https://www.kurly.com/goods/5061723,[동남집] 양지곰탕 600g,15980
5049302,https://www.kurly.com/goods/5049302,[프레시메이드] 나주 곰탕,16741
5061835,https://www.kurly.com/goods/5061835,[강남면옥] 사골 만두 칼국수 (2인분),17328
5048192,https://www.kurly.com/goods/5048192,[더플랜] 목련 어묵탕,17879
5001235,https://www.kurly.com/goods/5001235,[벽제갈비] 한우 설렁탕 & 양곰탕 & 곰탕,18962
5048745,https://www.kurly.com/goods/5048745,[외할머니댁] 감자탕,20383
5036959,https://www.kurly.com/goods/5036959,[거대곰탕] 곰탕,21220
5035913,https://www.kurly.com/goods/5035913,[진실된손맛] 뼈없는 인삼 갈비탕,21386
5012950,https://www.kurly.com/goods/5012950,[서강유업] 가족을 위한 사골곰탕,21963
5133142,https://www.kurly.com/goods/5133142,[비비고] 미역국&육개장&장터국 (택1),22569
5128143,https://www.kurly.com/goods/5128143,[홍익궁중전통] 육개장 (2인분),22791
5058878,https://www.kurly.com/goods/5058878,[고래사] 프리미엄 어묵탕,22950
5110442,https://www.kurly.com/goods/5110442,[선물세트] 사미헌 불고기/맑은곰탕 선물세트,23047
5034225,https://www.kurly.com/goods/5034225,[워커힐] 명월관 갈비탕,24119
5055553,https://www.kurly.com/goods/5055553,[더오담] 콩비지찌개,24333
5097090,https://www.kurly.com/goods/5097090,[사미헌] 맑은 곰탕,25893
5050925,https://www.kurly.com/goods/5050925,[Kurly's] 한우 사골육수,26569
5067835,https://www.kurly.com/goods/5067835,[신의주 찹쌀순대] 찹쌀 순대국,26675
5045208,https://www.kurly.com/goods/5045208,[안원당] 우거지 감자탕,29181
5053979,https://www.kurly.com/goods/5053979,[경복궁 BLACK] 사골 도가니탕,31885
5048746,https://www.kurly.com/goods/5048746,[엄마밥상] 청국장,34863
5035901,https://www.kurly.com/goods/5035901,[오모가리] 수제 김치찌개 2종,35731
5011633,https://www.kurly.com/goods/5011633,[앤쿡] 어린이 한우 사골 곰국,42287
5068907,https://www.kurly.com/goods/5068907,[신선설농탕] 고기 설렁탕,43183
5051186,https://www.kurly.com/goods/5051186,[강남면옥] 갈비탕,44921
1000040783,https://www.kurly.com/goods/1000040783,[바른식] 강릉식 짬뽕순두부 찌개,47511
5056783,https://www.kurly.com/goods/5056783,[강창구찹쌀진순대] 찹쌀 진순대국,47721
5042765,https://www.kurly.com/goods/5042765,[외할머니댁] 차돌 된장찌개,50291
5026468,https://www.kurly.com/goods/5026468,[사미헌] 갈비탕,176285
