product_id,product_type,summary
5025668,아욱된장국,"물과 집 된장을 약간 추가하여 아욱 된장국으로 끓여 먹으면 간편하고 맛있습니다. 두부를 넣어주면 더욱 풍부한 맛을 즐길 수 있습니다. 간단하게 끓여서 밥과 함께 먹거나, 냉동 보관 후 데워서 먹기에도 좋습니다. 가끔 국을 끓이기 귀찮을 때 유용하게 활용할 수 있습니다."
5030967,김치콩나물국,"밥에 말아서 먹으면 입맛이 돌아옵니다. 간편하게 봉지를 뜯어 끓는 물에 몇 분만 넣으면 완성되기 때문에 바쁜 아침이나 간편한 식사에 유용합니다. 물을 추가하고 두부나 어묵을 넣어 여러 번 맛있게 즐길 수 있습니다. 고추를 송송 썰어 넣으면 더욱 맛있고, 다른 양념을 추가해도 별미로 즐길 수 있습니다. 두부와 계란을 추가하면 더욱 풍성한 맛을 느낄 수 있으며, 해장용으로도 좋습니다. 콩나물국으로 해장하기에도 적합합니다."
5031054,토종 순대국,"급할 때 간편하게 사용할 수 있어요. 추운 겨울에 따뜻하게 끓여 먹으면 좋고, 점심 한 끼로도 손색이 없습니다. 여름에는 에어컨 켜 놓고 시원하게 즐기는 순대국이 최고입니다. 부추는 따로 준비하면 더욱 맛있습니다."
5037568,진한 육개장,"아침 식사로 간편하게 즐기기 좋습니다. 대파를 추가하면 더욱 맛있고, 국 끓이기 귀찮을 때 데워서 밥과 함께 먹으면 간단하면서도 맛있습니다. 반찬이 없을 때도 한 끼로 손쉽게 해결할 수 있어 급할 때 유용합니다. 차가운 음식을 많이 먹은 날에는 뜨끈한 육개장을 간단히 만들어 먹기 좋고, 물과 양념을 조금 더하면 2인분으로도 활용할 수 있습니다."
5042765,차돌 된장찌개,"냉동된 된장찌개를 해동한 후, 냄비에 넣고 강 불로 끓이다가 끊기 시작하면 불을 줄여 4분 정도 더 끓이면 됩니다. 집에 있는 야채를 추가해도 좋고, 두부와 파를 넣어 간편하게 조리할 수 있습니다. 애호박, 차돌, 양파 등을 추가하면 더욱 맛있습니다. 물 양을 넉넉하게 조절하면 짜지 않고 부드럽게 즐길 수 있습니다. 간편하게 조리할 수 있어 바쁜 일상에 적합합니다."
5044657,온달 육개장,"육개장을 쉽게 만들어 저녁에 국과 함께 먹기 좋습니다. 반찬이 없을 때 간편하게 활용할 수 있으며, 대파와 물을 추가하면 더욱 깔끔한 맛을 즐길 수 있습니다."
5049304,설렁탕,"밥에 말아 먹거나 소면을 삶아 함께 넣어 끓이면 든든한 한 끼가 됩니다. 반찬이 없을 때 간편하게 후루룩 끓여서 먹기 좋고, 자주 구매하게 되는 맛입니다. 어머니도 좋아하셔서 자주 활용하고 있습니다."
5095132,고래사 매콤 어묵탕,"술안주로 간편하게 즐기기 좋습니다. 어묵을 추가해 얼큰하게 끓여 먹으면 맛있고, 바쁠 때 빠르게 준비할 수 있어 유용합니다. 혼자서 간단히 한 끼로도 적합하며, 두부를 넣어도 좋습니다. 칼칼한 국물이 필요할 때 특히 추천하며, 순대와 함께 먹으면 더욱 맛있습니다. 청양고추를 추가하면 매콤함이 더해져 좋습니다."
1000341457,맑은 순대국,"아침에 간편하게 먹을 수 있는 국으로, 초등학생 아이들과 함께 즐기기 좋습니다. 대파와 들깨 가루를 추가하면 더욱 맛있고, 뜨끈한 순대국으로 주말 아침을 든든하게 해결할 수 있습니다. 후추와 부추, 고추가루는 취향에 맞게 넣어 즐기면 좋습니다. 해동 없이 바로 끓여도 매장 퀄리티를 유지하며, 소면을 말아 돼지고기 국수처럼 먹는 것도 추천합니다. 아이들은 데워서 간편하게 먹을 수 있고, 매운 음식을 좋아하는 경우 청양고추를 추가하면 더욱 맛있습니다. 캠핑에서도 간단하게 조리해 먹기 좋은 선택입니다."
1000431398,우차돌짬뽕탕,"매운 맛을 좋아하는 분들은 고춧가루나 캡사이신을 추가해 보세요. 우동 사리를 넣고 끓이면 간식이나 술안주로 좋습니다. 집에 있는 채소를 더 넣어 끓이면 더욱 맛있고, 순두부를 추가하면 부드러운 맛이 더해집니다. 짜장밥과 함께 곁들여 먹거나 콩나물, 버섯, 오징어 등을 추가해도 훌륭한 조합입니다. 상황에 따라 면이나 밥을 추가해 간편하게 즐길 수 있습니다."
